canonical_smiles,Potency
CCN(CC)C(=O)c1ccc(C(=C2CCNCC2)c2cccc(OC)c2)cc1,Active
CCN(CC)C(=O)c1ccc(C(=C2CCNCC2)c2ccccc2OC)cc1,Active
CCN(CC)C(=O)c1ccc(C(c2ccccc2)C2CCNCC2)cc1,Active
C=CCN1C[C@H](C)N([C@H](c2ccc(C(=O)N(CC)CC)cc2)c2cccc(OC)c2)C[C@H]1C,Active
CCCCN1CCC(=C(c2ccccc2)c2ccc(C(=O)N(CC)CC)cc2)CC1,Active
CCN(CC)C(=O)c1ccc(C(=C2CCNCC2)c2ccc(F)cc2)cc1,Active
CCN(CC)C(=O)c1ccc(C(c2ccccc2)N2CCNCC2)cc1,Active
CCN(CC)C(=O)c1ccc(C(=C2CCNCC2)c2ccccc2)cc1,Active
CCN(CC)C(=O)c1ccc(C(=C2CCNCC2)c2c(C)cccc2C)cc1,Active
CCN(CC)C(=O)c1ccc(C(=C2CCN(c3ccccc3)CC2)c2ccccc2)cc1,Active
C=CCN1CCC(=C(c2ccccc2)c2ccc(C(=O)N(CC)CC)cc2)CC1,Active
CCN(CC)C(=O)c1ccc(C(=C2CCNCC2)c2ccc(Cl)c(Cl)c2)cc1,Active
CCN(CC)C(=O)c1ccc(C(=C2CCN(C)CC2)c2ccccc2)cc1,Active
CCN(CC)C(=O)c1ccc(C(=C2CCNCC2)c2cccc(F)c2)cc1,Active
CCN(CC)C(=O)c1ccc(C(=C2CCNCC2)c2cccs2)cc1,Active
CCN(CC)C(=O)c1ccc(C(=C2CCNCC2)c2cccc([N+](=O)[O-])c2)cc1,Active
CCN(CC)C(=O)c1ccc(C(=C2CCN(CC3CC3)CC2)c2ccccc2)cc1,Active
CCN(CC)C(=O)c1ccc(C(=C2CCNCC2)c2ccc(SC)cc2)cc1,Active
CCN(CC)C(=O)c1ccc(C(=C2CCNCC2)c2cccc3ccccc23)cc1,Active
CCN(CC)C(=O)c1ccc(C(=C2CCNCC2)c2cccc(N)c2)cc1,Active
CCN(CC)C(=O)c1ccc(C(=C2CCN(C3CCCCC3)CC2)c2ccccc2)cc1,Active
CCN(CC)C(=O)c1ccc(C(=C2CCN(CC=C(C)C)CC2)c2ccccc2)cc1,Active
CCN(CC)C(=O)c1ccc(C(=C2CCNCC2)c2ccccc2F)cc1,Active
CCN(CC)C(=O)c1ccc(C(=C2CCNCC2)c2ccc(OC)cc2)cc1,Active
CCN(CC)C(=O)c1ccc(C(=C2CCNCC2)c2cccc(C(F)(F)F)c2)cc1,Active
CCN(CC)C(=O)c1ccc(C(=C2CCNCC2)c2cccc(C(C)=O)c2)cc1,Active
CCN(CC)C(=O)c1ccc(C(=C2CCNCC2)c2ccc(Cl)cc2)cc1,Active
CC(C)C[C@H](NC(=O)[C@H](Cc1ccccc1)NC(=O)CNC(=O)[C@H](NC(=O)[C@@H](N)Cc1ccc(O)cc1)[C@@H](C)O)C(=O)N[C@@H](CO[C@H]1O[C@@H](CO)[C@H](O)[C@@H](O)[C@H]1O)C(N)=O,Active
CC(C)C[C@H](NC(=O)[C@H](Cc1ccccc1)NC(=O)CNC(=O)[C@H](NC(=O)[C@@H](N)Cc1ccc(O)cc1)[C@@H](C)O)C(=O)N[C@@H](CO)C(N)=O,Active
C=CCN1CC[C@]23c4c5ccc(O)c4O[C@H]2C(=O)CC[C@@]3(O)[C@H]1C5,Active
CC(C)(C)c1ccc(C(c2cccc(O)c2)N2CCN(Cc3ccccc3)CC2)cc1,Active
CC1(C)SSC(C)(C)[C@@H](NC(=O)[C@@H](N)Cc2ccc(O)cc2)C(=O)NCC(=O)N[C@@H](Cc2ccc(Cl)cc2)C(=O)N[C@H]1C(=O)O,Active
O=[N+]([O-])c1cc2c(cc1CN1CCC(n3c(O)nc4ccccc43)CC1)OCO2,Active
O=[N+]([O-])c1cc2c(cc1CN1CC=C(n3c(O)nc4ccccc43)CC1)OCO2,Active
O=C(OCc1cc2c(cc1Cl)OCO2)N1CCC(n2c(O)nc3ccccc32)CC1,Active
Cc1ccc2nc(O)n(C3CCN(Cc4cc5c(cc4Cl)OCO5)CC3)c2c1,Active
Oc1nc2ccccc2n1CCCNCc1cc2c(cc1Cl)OCO2,Active
CN1CC[C@]23c4c5ccc(O)c4O[C@H]2[C@@H](O)C=C[C@H]3[C@H]1C5.CN1CC[C@]23c4c5ccc(O)c4O[C@H]2[C@@H](O)C=C[C@H]3[C@H]1C5.O=S(=O)(O)O,Active
CCC(=O)N(c1ccccc1)C1CCN(CCc2ccccc2)CC1,Active
Cc1ncc([N+](=O)[O-])n1CCNC(=O)N1CCC(c2cc(-c3ccc(Cl)cc3Cl)[nH]n2)CC1,Active
CNC(=O)CN1CN(c2ccccc2)C2(CCN(Cc3cc4c(cc3Cl)OCO4)CC2)C1=O,Active
O=C1NCN(c2ccccc2)C12CCN(Cc1ccc3nsnc3c1)CC2,Active
CO[C@@]12CC[C@@]3(C[C@@H]1[C@](C)(O)C(C)(C)C)[C@H]1Cc4ccc(O)c5c4[C@@]3(CCN1CC1CC1)[C@H]2O5.Cl,Active
Oc1nc2ccccc2n1C1CCN(Cc2cc3c(cc2Cl)OCO3)CC1,Active
CCC(=O)C(CC(C)N(C)C)(c1ccccc1)c1ccccc1,Active
COc1ccc(CN2CCC(n3c(O)nc4ccccc43)CC2)c(Cl)c1,Active
Oc1ccc2c3c1O[C@H]1[C@@H](O)CC[C@@]4(O)[C@@H](C2)N(CC2CCC2)CC[C@]314,Active
Cc1ccc2nc(O)n(C3CCN(C(=O)OCc4cc5c(cc4Cl)OCO5)CC3)c2c1,Active
O=C1NCN(c2ccccc2)C12CCN(Cc1ccc3c(c1)OCO3)CC2,Active
CN(C)C(=O)C(CCN1CCC(O)(c2ccc(Cl)cc2)CC1)(c1ccccc1)c1ccccc1.Cl,Active
O=C1NCN(c2ccccc2)C12CCN(Cc1cccc(Oc3ccccc3)c1)CC2,Active
O=C1CNc2ccccc2N1C1CCN(Cc2cc3c(cc2Cl)OCO3)CC1,Active
O=C1NCN(c2ccccc2)C12CCN(Cc1cc3c(cc1Cl)OCO3)CC2,Active
CNC(=O)CN1CN(c2ccccc2)C2(CCN(C(=O)OCc3cc4c(cc3Cl)OCO4)CC2)C1=O,Active
COc1ccc2c(c1OC)[C@]13CC[N+](C)(C)[C@H](C2)[C@]12C=C[C@]1(OC)[C@H]3N=C(c3ccccc3)[C@]1(C)C2.[I-],Active
CN(C(=O)Cc1ccccc1)[C@H]1CC[C@@]2(CCCO2)C[C@@H]1N1CCCC1,Active
CO[C@@]12C=C[C@]34C[C@]1(C)[C@@H](c1ccccc1)N[C@H]2[C@@]31CCN(C)[C@@H]4Cc2ccc(O)cc21,Active
CO[C@]12C=C[C@]34C[C@@]1(C)[C@H](c1ccccc1)N(C)[C@H]2C31CCN(C)C4Cc2ccc(O)cc21,Active
CCC(=O)N(c1ccccc1)C1(C(=O)OC)CCN(CCn2cccn2)CC1,Active
COC12C=CC34C[C@@]1(C)C(c1ccccc1)=N[C@H]2C31CCN(C)C4Cc2ccc(O)cc21,Active
COc1ccc(Cl)cc1-c1cccn(C(CN2CCCC2)c2ccccc2)c1=O,Active
CCC(=O)N(c1ccccc1)C1(COC)CCN(CCn2cccn2)CC1,Active
COc1ccc2c(c1O)C13CCN(C)C(C2)C12C=CC1(OC)[C@H]3N=C(c3ccccc3)[C@]1(C)C2,Active
Cc1cccc(-c2cccn(C(CN3CCCC3)c3ccccc3)c2=O)c1,Active
COc1ccc(-c2cccn(C(CN3CCCC3)c3ccccc3)c2=O)cc1,Active
CC(c1ccccc1Cl)N1CCC(n2c(O)nc3ccccc32)CC1,Active
CCOc1ccc(C2=N[C@H]3C45CCN(C)C(Cc6ccc(OC)c(O)c64)[C@]54C=C[C@@]3(OC)[C@@]2(C)C4)cc1,Active
COc1ccc(F)cc1-c1cccn(C(CN2CCCC2)c2ccccc2)c1=O,Active
CC[C@H](C)[C@H](NC(=O)[C@H](CCCCN)NC(=O)[C@H](CCCN=C(N)N)NC(=O)[C@H](CC(C)C)NC(=O)[C@H](Cc1ccccc1)NC(=O)[C@@H](CC(=O)O)NC(=O)CNC(=O)[C@@H](N)Cc1ccc(O)cc1)C(=O)N[C@@H](CCCN=C(N)N)C(=O)N1CCC[C@@H]1C(=O)N[C@H](CCCCN)C(N)=O,Active
CC[C@H](C)[C@H](NC(=O)[C@H](CCCN=C(N)N)NC(=O)[C@H](CCCN=C(N)N)NC(=O)[C@H](CC(C)C)NC(=O)[C@H](Cc1ccccc1)NC(=O)CNC(=O)CNC(=O)[C@@H](N)Cc1ccc(O)cc1)C(=O)N[C@@H](CCCN=C(N)N)C(=O)N1CCC[C@H]1C(=O)N[C@@H](CCCCN)C(N)=O,Active
CC[C@H](C)[C@H](NC(=O)[C@H]1CCCCNC(=O)C[C@@H](NC(=O)CNC(=O)[C@@H](N)Cc2ccc(O)cc2)C(=O)N[C@H](Cc2ccccc2)C(=O)N[C@@H](CC(C)C)C(=O)N[C@H](CCCN=C(N)N)C(=O)N1)C(=O)N[C@@H](CCCN=C(N)N)C(=O)N1CCC[C@@H]1C(=O)N[C@H](CCCCN)C(N)=O,Active
CC[C@H](C)[C@H](NC(=O)[C@H]1CCCCNC(=O)C[C@H](NC(=O)CNC(=O)[C@@H](N)Cc2ccc(O)cc2)C(=O)N[C@H](Cc2ccccc2)C(=O)N[C@@H](CC(C)C)C(=O)N[C@H](CCCN=C(N)N)C(=O)N1)C(=O)N[C@@H](CCCN=C(N)N)C(=O)N1CCC[C@@H]1C(=O)N[C@H](CCCCN)C(N)=O,Active
CC[C@@H](C)[C@H]1NC(=O)[C@H](CCCN=C(N)N)NC(=O)[C@@H](CCCN=C(N)N)NC(=O)[C@H](NC(=O)[C@@H](Cc2ccccc2)NC(=O)CNC(=O)CNC(=O)[C@H](N)Cc2ccc(O)cc2)CCCCNC(=O)C[C@H](C(=O)N2CCC[C@H]2C(=O)N[C@H](CCCCN)C(N)=O)NC1=O,Active
CC[C@H](C)[C@H](NC(=O)[C@H](CCCCN)NC(=O)[C@H](CCCN=C(N)N)NC(=O)[C@H](CC(C)C)NC(=O)[C@H](Cc1ccccc1)NC(=O)[C@H](CC(=O)O)NC(=O)CNC(=O)[C@@H](N)Cc1ccc(O)cc1)C(=O)N[C@@H](CCCN=C(N)N)C(=O)N1CCC[C@@H]1C(=O)N[C@H](CCCCN)C(N)=O,Active
CC[C@H](C)[C@H](NC(=O)[C@H](CCCN=C(N)N)NC(=O)[C@H](CCCN=C(N)N)NC(=O)[C@H](CCCCN)NC(=O)[C@H](Cc1ccccc1)NC(=O)CNC(=O)CNC(=O)[C@@H](N)Cc1ccc(O)cc1)C(=O)N[C@H](CC(=O)O)C(=O)N1CCC[C@@H]1C(=O)N[C@H](CCCCN)C(N)=O,Active
CC[C@H](C)[C@H](NC(=O)[C@H](CCCN=C(N)N)NC(=O)[C@H](CCCCN)NC(=O)[C@H](CC(C)C)NC(=O)[C@H](Cc1ccccc1)NC(=O)CNC(=O)[C@@H](CC(=O)O)NC(=O)[C@@H](N)Cc1ccc(O)cc1)C(=O)N[C@@H](CCCN=C(N)N)C(=O)N1CCC[C@@H]1C(=O)N[C@H](CCCCN)C(N)=O,Active
CC[C@H](C)[C@H](NC(=O)[C@H](CCCN=C(N)N)NC(=O)[C@H](CCCCN)NC(=O)[C@H](CC(C)C)NC(=O)[C@H](Cc1ccccc1)NC(=O)CNC(=O)[C@H](CC(=O)O)NC(=O)[C@@H](N)Cc1ccc(O)cc1)C(=O)N[C@@H](CCCN=C(N)N)C(=O)N1CCC[C@@H]1C(=O)N[C@H](CCCCN)C(N)=O,Active
CC[C@H](C)[C@H](NC(=O)[C@H](CCCN=C(N)N)NC(=O)[C@@H]1CCCCNC(=O)C[C@H](NC(=O)[C@@H](N)Cc2ccc(O)cc2)C(=O)NCC(=O)N[C@H](Cc2ccccc2)C(=O)N[C@@H](CC(C)C)C(=O)N1)C(=O)N[C@@H](CCCN=C(N)N)C(=O)N1CCC[C@@H]1C(=O)N[C@H](CCCCN)C(N)=O,Active
CC[C@@H](C)[C@H]1NC(=O)[C@H](CCCN=C(N)N)NC(=O)[C@@H](CCCN=C(N)N)NC(=O)[C@H](NC(=O)[C@@H](Cc2ccccc2)NC(=O)CNC(=O)CNC(=O)[C@H](N)Cc2ccc(O)cc2)CCCCNC(=O)C[C@@H](C(=O)N2CCC[C@H]2C(=O)N[C@H](CCCCN)C(N)=O)NC1=O,Active
CC[C@H](C)[C@H](NC(=O)[C@H](CCCN=C(N)N)NC(=O)[C@H](CCCN=C(N)N)NC(=O)[C@H](CCCCN)NC(=O)[C@H](Cc1ccccc1)NC(=O)CNC(=O)CNC(=O)[C@@H](N)Cc1ccc(O)cc1)C(=O)N[C@@H](CC(=O)O)C(=O)N1CCC[C@@H]1C(=O)N[C@H](CCCCN)C(N)=O,Active
CC[C@H](C)[C@H](NC(=O)[C@H](CCCN=C(N)N)NC(=O)[C@@H]1CCCCNC(=O)C[C@@H](NC(=O)[C@@H](N)Cc2ccc(O)cc2)C(=O)NCC(=O)N[C@H](Cc2ccccc2)C(=O)N[C@@H](CC(C)C)C(=O)N1)C(=O)N[C@@H](CCCN=C(N)N)C(=O)N1CCC[C@@H]1C(=O)N[C@H](CCCCN)C(N)=O,Active
C=C(Cl)C(=O)N[C@@H]1CCC2C3Cc4ccc(O)c5c4C2(CCN3C)[C@H]1O5,Active
CC(C)C[C@H](NC(=O)[C@H](Cc1ccccc1)NC(=O)CNC(=O)[C@@H](CO)NC(=O)[C@@H](N)Cc1ccc(O)cc1)C(=O)N[C@H](C(=O)O)[C@@H](C)O,Active
C=C(Cl)C(=O)N[C@@H]1CCC2C3Cc4ccc(O)c5c4C2(CCN3CC2CC2)[C@H]1O5,Active
CN(C(=O)Cc1ccc(Cl)c(Cl)c1)[C@H](CN1CCCC1)c1ccccc1,Active
CN(C(=O)Cc1ccccc1N=C=S)[C@H](CN1CCCC1)c1ccccc1,Active
CN(C(=O)Cc1cc(Cl)c(Cl)cc1N=C=S)[C@H](CN1CCCC1)c1ccccc1,Active
CN(C(=O)Cc1ccc(N=C=S)cc1)[C@H](CN1CCCC1)c1ccccc1,Active
C=C(Cl)C(=O)N[C@@]12CCC(=O)[C@@H]3Oc4c(O)ccc5c4C31CCN(C)C2C5,Active
CC1(C)SSC(C)(C)[C@@H](NC(=O)[C@@H](N)Cc2ccc(O)cc2)C(=O)NCC(=O)N[C@@H](Cc2ccccc2)C(=O)N[C@H]1C(=O)O,Active
C=C(Cl)C(=O)N[C@@]12CCC(=O)[C@@H]3Oc4c(O)ccc5c4C31CCN(CC1CC1)C2C5,Active
CN(C(=O)Cc1cccc(N=C=S)c1)[C@H](CN1CCCC1)c1ccccc1,Active
CCCC[C@@H](C(=O)N[C@@H](CC(=O)O)C(=O)N[C@@H](Cc1ccccc1)C(N)=O)N(C)C(=O)[C@H](NC(=O)CNC(=O)[C@@H](Cc1ccccc1)NC(=O)[C@H](Cc1ccc(O)cc1)NC(=O)[C@@H](N)CC(=O)O)[C@H](C)c1c[nH]c2ccccc12,Active
CCCC[C@@H](C(=O)N[C@@H](CC(=O)O)C(=O)N[C@@H](Cc1ccccc1)C(N)=O)N(C)C(=O)[C@H](NC(=O)CNC(=O)[C@@H](Cc1ccccc1)NC(=O)[C@H](Cc1ccc(O)cc1)NC(=O)[C@@H](N)CC(=O)O)[C@@H](C)c1c[nH]c2ccccc12,Active
CCCC[C@@H](C(=O)N[C@@H](CC(=O)O)C(=O)N[C@@H](Cc1ccccc1)C(N)=O)N(C)C(=O)[C@H](Cc1c[nH]c2ccccc12)NC(=O)CNC(=O)[C@@H](Cc1ccccc1)NC(=O)[C@H](Cc1ccc(O)cc1)NC(=O)[C@@H](N)CC(=O)O,Active
CCCC[C@@H](C(=O)N[C@@H](CC(=O)O)C(=O)N[C@@H](Cc1ccccc1)C(N)=O)N(C)C(=O)[C@@H](NC(=O)CNC(=O)[C@@H](Cc1ccccc1)NC(=O)[C@H](Cc1ccc(O)cc1)NC(=O)[C@@H](N)CC(=O)O)[C@H](C)c1c[nH]c2ccccc12,Active
CCCC[C@@H](C(=O)N[C@@H](CC(=O)O)C(=O)N[C@@H](Cc1ccccc1)C(N)=O)N(C)C(=O)[C@@H](NC(=O)CNC(=O)[C@@H](Cc1ccccc1)NC(=O)[C@H](Cc1ccc(O)cc1)NC(=O)[C@@H](N)CC(=O)O)[C@@H](C)c1c[nH]c2ccccc12,Active
Oc1ccc2c3c1OC1[C@@H](OCc4ccc(-c5ccccc5)cc4)CCC4(O)C(C2)N(CC2CC2)CCC314,Active
Oc1ccc2c3c1O[C@H]1[C@H](O)CC[C@@]4(O)[C@@H](C2)N(CC2CC2)CC[C@]314,Active
Oc1ccc2c3c1OC1[C@@H](OCc4cccc5ccccc45)CCC4(O)C(C2)N(CC2CC2)CCC314,Active
O=C1CC[C@@]2(O)[C@H]3Cc4ccc(O)c5c4[C@@]2(CCN3CC2CC2)[C@H]1O5,Active
Oc1ccc2c3c1OC1[C@@H](OCc4c5ccccc5cc5ccccc45)CCC4(O)C(C2)N(CC2CC2)CCC314,Active
Oc1ccc2c3c1OC1[C@H](OCc4c5ccccc5cc5ccccc45)CCC4(O)C(C2)N(CC2CC2)CCC314,Active
Oc1ccc2c3c1OC1[C@@H](OCc4ccc5ccccc5c4)CCC4(O)C(C2)N(CC2CC2)CCC314,Active
O=C(COC1CCC2(O)C3Cc4ccc(O)c5c4C2(CCN3CC2CC2)C1O5)C1[C@H]2C[C@@H]3C[C@@H](C[C@H]1C3)C2,Active
Oc1ccc2c3c1OC1[C@H](OCc4ccc5ccccc5c4)CCC4(O)C(C2)N(CC2CC2)CCC314,Active
Oc1ccc2c3c1OC1[C@H](OCc4ccccc4)CCC4(O)C(C2)N(CC2CC2)CCC314,Active
Oc1ccc2c3c1OC1[C@@H](OCc4ccccc4)CCC4(O)C(C2)N(CC2CC2)CCC314,Active
Oc1ccc2c3c1OC1[C@H](OCc4ccc(-c5ccccc5)cc4)CCC4(O)C(C2)N(CC2CC2)CCC314,Active
Oc1ccc2c3c1OC1[C@H](OCc4cccc5ccccc45)CCC4(O)C(C2)N(CC2CC2)CCC314,Active
C=C(COc1ccc2c3c1O[C@H]1C(=O)CC[C@@]4(O)[C@@H](C2)N(C)CC[C@]314)C(=O)OC,Active
C=C(CO[C@@H]1CC[C@@]2(O)[C@H]3Cc4ccc(O)c5c4[C@@]2(CCN3CC2CC2)[C@H]1O5)C(=O)OC,Active
C=C(COc1ccc2c3c1O[C@H]1c4[nH]c5c(c4C[C@@]4(O)[C@@H](C2)N(CC2CC2)CC[C@]314)C[C@@]1(O)[C@H]2Cc3ccc(OCC(=C)C(=O)OC)c4c3[C@@]1(CCN2CC1CC1)[C@H]5O4)C(=O)OC,Active
C=C(COc1ccc2c3c1O[C@H]1[C@@]4(OC)C=C[C@@]5(C[C@@H]4[C@](C)(O)CCC)[C@@H](C2)N(C)CC[C@]315)C(=O)OC,Active
Oc1ccc2c3c1O[C@H]1c4[nH]c5ccccc5c4C[C@@]4(O)[C@@H](C2)N(CC2CC2)CC[C@]314,Active
C=C(COc1ccc2c3c1O[C@H]1c4[nH]c5ccccc5c4C[C@@]4(O)[C@@H](C2)N(CC2CC2)CC[C@]314)C(=O)OC,Active
CN1CC[C@]23c4c5ccc(O)c4O[C@H]2C(=O)CC[C@@]3(O)[C@H]1C5,Active
Oc1ccc2c3c1O[C@H]1c4[nH]c5c(c4C[C@@]4(O)[C@@H](C2)N(CC2CC2)CC[C@]314)C[C@@]1(O)[C@H]2Cc3ccc(O)c4c3[C@@]1(CCN2CC1CC1)[C@H]5O4,Active
CCC12CCN(CC3(O)CC3)C(Cc3ccc(O)cc31)C2(C)C,Active
CN1CC[C@]23c4c5ccc(-c6ccoc6)c4O[C@H]2[C@@H](O)C=C[C@H]3[C@H]1C5,Active
CO[C@]12CC[C@@]3(C[C@@H]1C(C)(C)O)[C@H]1Cc4ccc(O)c5c4[C@@]3(CCN1CC1CC1)[C@H]2O5,Active
C=C(COc1ccc2c3c1O[C@H]1[C@H](OCC(=C)C(=O)OC)CC[C@@]4(O)[C@@H](C2)N(CC2CC2)CC[C@]314)C(=O)OC,Active
C=C(COc1ccc2c3c1O[C@H]1C(=O)CC[C@@]4(O)[C@@H](C2)N(CC2CC2)CC[C@]314)C(=O)OC,Active
CN1CC[C@]23c4c5ccc(O)c4O[C@H]2[C@@H](O)C=C[C@H]3[C@H]1C5,Active
CCC[C@@](C)(O)[C@H]1C[C@@]23C=C[C@]1(OC)[C@@H]1Oc4c(O)ccc5c4[C@@]12CCN(C)[C@@H]3C5,Active
C=C(COc1ccc2c3c1O[C@H]1[C@@]4(OC)CC[C@@]5(C[C@@H]4C(C)(C)O)[C@@H](C2)N(CC2CC2)CC[C@]315)C(=O)OC,Active
CC(=O)c1ccc2c3c1O[C@H]1[C@@H](O)C=C[C@H]4[C@@H](C2)N(C)CC[C@@]341,Active
C=C(COc1ccc2c3c1O[C@H]1[C@H](O)CC[C@@]4(O)[C@@H](C2)N(CC2CC2)CC[C@]314)C(=O)OC,Active
Brc1ccc2c(c1)[C@H]1c3cc(Br)ccc3[C@H](C2)N2CCC[C@@H]12,Active
CN1CC[C@]23CCCC[C@H]2[C@H]1Cc1ccc(O)cc13,Active
C[C@@H]1[C@H]2c3cc(NCc4ccccc4)ccc3C[C@@H](c3ccc(NCc4ccccc4)cc32)N1C,Active
Brc1ccc(CNc2ccc3c(c2)[C@H]2c4cc(NCc5ccc(Br)cc5)ccc4[C@H](C3)N3CCC[C@@H]23)cc1,Active
C[C@@H]1[C@H]2c3cc(N4CCOCC4)ccc3C[C@@H](c3ccc(N4CCOCC4)cc32)N1C,Active
CC[C@H](C)[C@H](NC(=O)[C@H](CCCN=C(N)N)NC(=O)[C@H](CCCN=C(N)N)NC(=O)[C@H](CC(C)C)NC(=O)[C@H](Cc1ccccc1)NC(=O)[C@H](C)NC(=O)CNC(=O)[C@@H](N)Cc1ccc(O)cc1)C(=O)N[C@@H](CCCN=C(N)N)C(=O)N1CCC[C@H]1C(=O)N[C@@H](CCCCN)C(N)=O,Active
CC[C@H](C)[C@H](NC(=O)[C@H](CCCN=C(N)N)NC(=O)[C@H](CCCN=C(N)N)NC(=O)[C@H](CC(C)C)NC(=O)[C@H](Cc1ccccc1)NC(=O)[C@@H](C)NC(=O)CNC(=O)[C@@H](N)Cc1ccc(O)cc1)C(=O)N[C@@H](CCCN=C(N)N)C(=O)N1CCC[C@H]1C(=O)N[C@@H](CCCCN)C(N)=O,Active
C[C@@H]1[C@H]2c3cc(N4CCN(C)CC4)ccc3C[C@@H](c3ccc(N4CCN(C)CC4)cc32)N1CC1CC1,Active
CC(=O)Oc1ccc2c(c1)[C@H]1c3cc(OC(C)=O)ccc3[C@H](C2)N2CCC[C@@H]12,Active
COc1ccc2c(c1)[C@H]1c3cc(OC)ccc3[C@H](C2)N2CCC[C@@H]12,Active
C[C@@H]1[C@H]2c3cc(N4CCN(C)CC4)ccc3C[C@@H](c3ccc(N4CCN(C)CC4)cc32)N1C,Active
CC[C@H](C)[C@H](NC(=O)[C@H](CCCN=C(N)N)NC(=O)[C@H](CCCN=C(N)N)NC(=O)[C@H](CC(C)C)NC(=O)[C@H](Cc1ccccc1)NC(=O)CNC(=O)CNC(=O)[C@@H](N)Cc1ccc(OC)cc1)C(=O)N[C@@H](CCCN=C(N)N)C(=O)N1CCC[C@H]1C(=O)N[C@@H](CCCCN)C(N)=O,Active
CN1[C@@H]2Cc3ccccc3[C@@H](c3ccccc32)[C@@H]1Cc1ccccc1,Active
C[C@@H]1[C@H]2c3cc(Br)ccc3C[C@@H](c3ccc(Br)cc32)N1C,Active
C[C@@H]1[C@H]2c3cc(NCc4ccccc4)ccc3C[C@@H](c3ccc(NCc4ccccc4)cc32)N1CC1CC1,Active
C[C@@H]1[C@H]2c3cc(O)ccc3C[C@@H](c3ccc(O)cc32)N1C,Active
C[C@@H]1[C@H]2c3cc(Nc4ccccc4)ccc3C[C@@H](c3ccc(Nc4ccccc4)cc32)N1C,Active
CC(=O)Oc1ccc2c(c1)[C@H]1c3cc(OC(C)=O)ccc3[C@H](C2)N(CC2CC2)[C@@H]1C,Active
C[C@@H]1[C@H]2c3cc(Nc4ccccc4)ccc3C[C@@H](c3ccc(Nc4ccccc4)cc32)N1CC1CC1,Active
C[C@@H]1[C@H]2c3cc(O)ccc3C[C@@H](c3ccc(O)cc32)N1CC1CC1,Active
COc1ccc2c(c1)[C@H]1c3cc(OC)ccc3[C@H](C2)N(CC2CC2)[C@@H]1C,Active
Oc1ccc2c(c1)[C@H]1c3cc(O)ccc3[C@H](C2)N2CCC[C@@H]12,Active
C[C@@H](NC(=O)[C@@H](N)Cc1ccc(O)cc1)C(=O)NCC(=O)N[C@@H](Cc1ccccc1)C(=O)NN,Active
C[C@@H](NC(=O)[C@@H](N)Cc1ccc(O)cc1)C(=O)NCC(=O)N[C@@H](Cc1c[nH]c2ccccc12)C(=O)NNC(=O)[C@H](N)Cc1ccccc1,Active
C[C@@H](NC(=O)[C@@H](N)Cc1ccc(O)cc1)C(=O)NCC(=O)N[C@@H](Cc1ccccc1)C(=O)NNC(=O)[C@H](Cc1ccccc1)NC(=O)CNC(=O)[C@@H](C)NC(=O)[C@@H](N)Cc1ccc(O)cc1,Active
C[C@@H](NC(=O)[C@@H](N)Cc1ccc(O)cc1)C(=O)NCC(=O)N[C@@H](Cc1ccccc1)C(=O)NNC(=O)[C@H](N)Cc1c[nH]c2ccccc12,Active
CCCC[C@@H](N)C(=O)NNC(=O)[C@H](Cc1ccccc1)NC(=O)CNC(=O)[C@@H](C)NC(=O)[C@@H](N)Cc1ccc(O)cc1,Active
CCCC[C@H](N)C(=O)NNC(=O)[C@H](Cc1ccccc1)NC(=O)CNC(=O)[C@@H](C)NC(=O)[C@@H](N)Cc1ccc(O)cc1,Active
C[C@@H](NC(=O)[C@@H](N)Cc1ccc(O)cc1)C(=O)NCC(=O)N[C@@H](Cc1ccccc1)C(=O)NNC(=O)[C@H](N)Cc1ccc(O)cc1,Active
C[C@@H](NC(=O)[C@@H](N)Cc1ccc(O)cc1)C(=O)NCC(=O)N[C@@H](Cc1ccccc1)C(=O)NNC(=O)[C@H](N)Cc1ccccc1,Active
C[C@@H](NC(=O)[C@@H](N)Cc1ccc(O)cc1)C(=O)NCC(=O)N[C@@H](Cc1ccccc1)C(=O)NNC(=O)[C@@H](N)Cc1ccccc1,Active
Oc1ccc2c3c1O[C@H]1[C@@H](O)CC[C@@]4(O)[C@@H](C2)N(CC2CC2)CC[C@]314,Active
Oc1ccc2c3c1O[C@H]1[C@H](OCc4cccc(N=C=S)c4)CC[C@@]4(O)C(C2)N(CC2CC2)CCC314,Active
Oc1ccc2c3c1O[C@H]1[C@H](OCc4ccc(CN=C=S)cc4)CC[C@@]4(O)C(C2)N(CC2CC2)CCC314,Active
Oc1ccc2c3c1O[C@H]1[C@H](OCc4ccccc4CN=C=S)CC[C@@]4(O)C(C2)N(CC2CC2)CCC314,Active
CN(C(=O)Cc1ccc(Cl)c(Cl)c1)[C@H](CN1CCCC1)c1cccc(N)c1,Active
Oc1ccc2c3c1O[C@H]1[C@H](OCc4cccc(CN=C=S)c4)CC[C@@]4(O)C(C2)N(CC2CC2)CCC314,Active
Oc1ccc2c3c1O[C@H]1[C@H](OCc4ccccc4N=C=S)CC[C@@]4(O)C(C2)N(CC2CC2)CCC314,Active
Oc1ccc2c3c1O[C@H]1[C@H](OCc4ccc(N=C=S)cc4)CC[C@@]4(O)C(C2)N(CC2CC2)CCC314,Active
CCN(CC)C(=O)c1ccc(C(c2cccc3c2OC(C)(C)C3)N2CCNCC2)cc1,Active
CC(=O)c1ccc(C(c2ccccc2)N2CCNCC2)cc1,Active
C=CCN1CCN(C(c2ccccc2)c2ccc(C(=O)N(CC)CC)cc2)CC1,Active
CCN(CC)C(=O)c1ccc(C(c2cccc(OC)c2)N2CC(C)(C)NCC2C)cc1,Active
CCN(CC)C(=O)c1ccc(C(c2ccc(Cl)cc2)N2CCNCC2)cc1,Active
O=C(CSSCC(=O)N[C@@]12CCC(=O)[C@@H]3Oc4c(O)ccc5c4[C@@]31CCN(CC1CC1)[C@@H]2C5)N[C@@]12CCC(=O)[C@@H]3Oc4c(O)ccc5c4[C@@]31CCN(CC1CC1)[C@@H]2C5,Active
C[C@@]12Oc3c(O)ccc4c3[C@@]13CCN(CC1CC1)[C@H](C4)[C@]3(NC(=O)CSSCC(=O)N[C@@]13CCC(=O)[C@]4(C)Oc5c(O)ccc6c5[C@@]41CCN(CC1CC1)[C@@H]3C6)CCC2=O,Active
CC(C)(O)c1ccc(C(c2ccccc2)N2CCNCC2)cc1,Active
CCN(CC)C(=O)c1ccc(C(c2ccc3ncccc3c2)N2CCNCC2)cc1,Active
CCCCN1CCN(C(c2ccccc2)c2ccc(C(=O)N(CC)CC)cc2)CC1,Active
C=CCN1C[C@H](C)N([C@H](c2ccc(C(=O)N(CC)CC)cc2)c2cccc(O)c2)C[C@H]1C,Active
CCN(CC)C(=O)c1ccc(C(c2ccccc2)N2CCCCC2)cc1,Active
COC(=O)c1ccc(C(c2ccccc2)N2CCNCC2)cc1,Active
CCN(CC)C(=O)c1ccc(C(c2cccc(OC)c2)N2CCNCC2)cc1,Active
CCN(CC)C(=O)c1ccc(C(c2ccccc2)N(C)CCNC)cc1,Active
CCN(CC)C(=O)c1ccc(C(c2cccc(F)c2)N2CCNCC2)cc1,Active
NC(=O)c1ccc(C(c2ccccc2)N2CCNCC2)cc1,Active
CCN(CC)C(=O)c1ccc(C(c2ccc3cccnc3c2)N2CCNCC2)cc1,Active
O=C(O)c1ccc(C(c2ccccc2)N2CCNCC2)cc1,Active
CN(C)C(=O)c1ccc(C(c2ccccc2)N2CCNCC2)cc1,Active
c1ccc(C(c2ccc(-c3nn[nH]n3)cc2)N2CCNCC2)cc1,Active
CCC(CC)C(=O)c1ccc(C(c2ccccc2)N2CCNCC2)cc1,Active
CN1CC[C@]23c4c5ccc(O)c4O[C@H]2C(=O)CC[C@@]3(NC(=O)CSSCC(=O)N[C@@]23CCC(=O)[C@@H]4Oc6c(O)ccc7c6[C@@]42CCN(C)[C@@H]3C7)[C@H]1C5,Active
N#Cc1ccc(C(c2ccccc2)N2CCNCC2)cc1,Active
CCN(CC)C(=O)c1ccc(C(c2ccc(OC)cc2)N2CCNCC2)cc1,Active
CCN(CC)Cc1ccc(C(c2ccccc2)N2CCNCC2)cc1,Active
CCN(CC)S(=O)(=O)c1ccc(C(c2ccccc2)N2CCNCC2)cc1,Active
CCN(CC)C(=O)c1ccc(C(c2ccccc2)N2CCN(C)CC2)cc1,Active
CCN(CC)C(=O)c1ccc(C(c2cccc(OC)c2)N2CC(C)NCC2(C)C)cc1,Active
CCN(CC)C(=O)c1ccc(C(c2ccc3ccccc3c2)N2CCNCC2)cc1,Active
CCN(CC)C(=O)c1ccc(C(c2ccnc3ccccc23)N2CCNCC2)cc1,Active
CN1CC[C@]23c4c5ccc(O)c4O[C@@]2(C)C(=O)CC[C@@]3(NC(=O)CSSCC(=O)N[C@@]23CCC(=O)[C@]4(C)Oc6c(O)ccc7c6[C@@]42CCN(C)C3C7)C1C5,Active
CCN(CC)C(=O)c1ccc(C(c2cccc3cccnc23)N2CCNCC2)cc1,Active
CCN(CC)C(=O)c1ccc(C(c2ccc(C)cc2)N2CCNCC2)cc1,Active
CCN(CC)C(=O)c1ccc(C(c2ccc3cc[nH]c3c2)N2CCNCC2)cc1,Active
CCN(CC)C(=O)c1ccc(C(c2ccccc2)N2CCCNCC2)cc1,Active
CCNC(=O)c1ccc(C(c2ccccc2)N2CCNCC2)cc1,Active
CCN(CC)C(=O)c1ccc(C(c2cccc3ccccc23)N2CCNCC2)cc1,Active
CCN(CC)C(=O)c1ccc(C(C2CCCCC2)N2CCNCC2)cc1,Active
CN1CCc2cc(-c3ccc(C(c4ccccc4)N4CCNCC4)cc3)ccc2C1=O,Active
CCN(CC)C(=O)c1ccc(C(c2cccc3cnccc23)N2CCNCC2)cc1,Active
CCN(CC)C(=O)c1ccc(C(c2ccccc2)N2CCN(CC3CC3)CC2)cc1,Active
C[S+]([O-])CC[C@H](NC(=O)[C@H](Cc1ccc(O)cc1)N=C(N)N)C(=O)N[C@@H](Cc1ccccc1)C(=O)NCC(N)=O,Active
CC[C@H](C)[C@H](NC(=O)[C@H](CCCNC(=N)N)NC(=O)[C@H](CCCNC(=N)N)NC(=O)[C@H](CC(C)C)NC(=O)[C@H](Cc1ccccc1)NC(=O)CNC(=O)CNC(=O)[C@@H](N)Cc1ccc(O)cc1)C(=O)N[C@@H](CCCNC(=N)N)C(=O)N1CCC[C@H]1C(=O)N[C@@H](CCCCN)C(=O)N[C@@H](CC(C)C)C(=O)N[C@@H](CCCCN)C(=O)N[C@@H](Cc1c[nH]c2ccccc12)C(=O)N[C@@H](CC(=O)O)C(=O)N[C@@H](CC(N)=O)C(=O)N[C@@H](CCC(N)=O)C(=O)O,Active
CC(C)C[C@@H]1NC(=O)[C@H](CCCCN)NC(=O)[C@@H]2CCCN2C(=O)[C@H](CCCN=C(N)N)NC(=O)[C@H](NC(=O)[C@H](CCCN=C(N)N)NC(=O)[C@H](CCCN=C(N)N)NC(=O)[C@H](CC(C)C)NC(=O)[C@H](Cc2ccccc2)NC(=O)CNC(=O)CNC(=O)[C@@H](N)Cc2ccc(O)cc2)CSSC[C@@H](C(N)=O)NC1=O,Active
CNC(=N)N[C@@H](Cc1ccc(O)cc1)C(=O)N[C@@H](CC[S+](C)[O-])C(=O)N[C@@H](Cc1ccccc1)C(=O)NC(C)C(=O)OC,Active
C[S+]([O-])CC[C@H](NC(=O)[C@@H](N)Cc1ccc(O)cc1)C(=O)N[C@@H](Cc1ccccc1)C(=O)NCC(=O)O,Active
COC(=O)CNC(=O)[C@H](Cc1ccccc1)NC(=O)[C@H](CC[S+](C)[O-])NC(=O)[C@@H](N)Cc1ccc(O)cc1,Active
C[S+]([O-])CC[C@H](NC(=O)[C@@H](N)Cc1ccc(O)cc1)C(=O)N[C@@H](Cc1ccccc1)C(=O)NCC(N)=O,Active
COC(=O)CN(C)C(=O)[C@H](Cc1ccccc1)NC(=O)[C@H](CC[S+](C)[O-])NC(=O)[C@H](Cc1ccc(O)cc1)N=C(N)N,Active
C[C@H](NC(=O)[C@@H](N)Cc1ccc(O)cc1)C(=O)N[C@@H](Cc1ccccc1)C(=O)NCC(N)=O,Active
COC(=O)C(C)NC(=O)[C@H](Cc1ccccc1)NC(=O)[C@H](CC[S+](C)[O-])NC(=O)[C@@H](N)Cc1ccc(O)cc1,Active
CC[C@H](C)[C@H](NC(=O)[C@H](CCCN=C(N)N)NC(=O)[C@H](CCCN=C(N)N)NC(=O)[C@H](CC(C)C)NC(=O)[C@H](Cc1ccccc1)NC(=O)CNC(=O)CNC(=O)[C@@H](N)Cc1ccc(O)cc1)C(=O)N[C@@H](CCCN=C(N)N)C(=O)N1CCC[C@H]1C(=O)N[C@@H](CCCCN)C(=O)N[C@@H](CC(C)C)C(=O)N[C@@H](CCCCN)C(N)=O,Active
COC(=O)CNC(=O)[C@H](Cc1ccccc1)NC(=O)[C@H](CC[S+](C)[O-])NC(=O)[C@H](Cc1ccc(O)cc1)N=C(N)N,Active
COC(=O)CN(C)C(=O)[C@H](Cc1ccccc1)NC(=O)[C@H](CC[S+](C)[O-])NC(=O)[C@@H](N)Cc1ccc(O)cc1,Active
CC[C@H](C)[C@@H]1NC(=O)[C@H](CCCN=C(N)N)NC(=O)[C@H](CCCN=C(N)N)NC(=O)[C@@H](NC(=O)[C@H](Cc2ccccc2)NC(=O)CNC(=O)CNC(=O)[C@@H](N)Cc2ccc(O)cc2)CSSC[C@@H](C(N)=O)NC(=O)[C@@H]2CCCN2C(=O)[C@H](CCCN=C(N)N)NC1=O,Active
CC(C)C[C@H](NC(=O)[C@H](Cc1ccccc1)NC(=O)CNC(=O)CNC(=O)[C@@H](N)Cc1ccc(O)cc1)C(=O)N[C@@H](CCCN=C(N)N)C(=O)N[C@@H](CCCN=C(N)N)C(=O)N[C@@H]1CSSC[C@H](C(N)=O)NC(=O)[C@H](CC(C)C)NC(=O)[C@H](CCCCN)NC(=O)[C@@H]2CCCN2C(=O)[C@H](CCCN=C(N)N)NC1=O,Active
CN(CC(=O)O)C(=O)[C@H](Cc1ccccc1)NC(=O)[C@H](CC[S+](C)[O-])NC(=O)[C@@H](N)Cc1ccc(O)cc1,Active
CN(CC(N)=O)C(=O)[C@H](Cc1ccccc1)NC(=O)[C@H](CC[S+](C)[O-])NC(=O)[C@@H](N)Cc1ccc(O)cc1,Active
COc1ccc(F)cc1-c1cccn(C(CN2CCC(O)C2)c2ccccc2)c1=O,Active
CC(NC(=O)[C@H](Cc1ccccc1)NC(=O)[C@H](CC[S+](C)[O-])NC(=O)[C@@H](N)Cc1ccc(O)cc1)C(=O)O,Active
CC(NC(=O)[C@H](Cc1ccccc1)NC(=O)[C@H](CC[S+](C)[O-])NC(=O)[C@@H](N)Cc1ccc(O)cc1)C(N)=O,Active
O=C(O)COc1cccc(C(CN2CCCC2)n2cccc(-c3ccc(C(F)(F)F)cc3)c2=O)c1,Active
CC(C)C[C@@H]1NC(=O)[C@H](CCCCN)NC(=O)[C@@H]2CCCN2C(=O)[C@H](CCCN=C(N)N)NC(=O)[C@@H](NC(=O)[C@H](CCCN=C(N)N)NC(=O)[C@H](CCCN=C(N)N)NC(=O)[C@H](CC(C)C)NC(=O)[C@H](Cc2ccccc2)NC(=O)CNC(=O)CNC(=O)[C@@H](N)Cc2ccc(O)cc2)CSSC[C@@H](C(N)=O)NC1=O,Active
C[C@H]1NC(=O)[C@H](CCCN=C(N)N)NC(=O)[C@H](CCCN=C(N)N)NC(=O)[C@@H](NC(=O)[C@H](Cc2ccccc2)NC(=O)CNC(=O)CNC(=O)[C@@H](N)Cc2ccc(O)cc2)CSSC[C@@H](C(N)=O)NC(=O)[C@@H]2CCCN2C(=O)[C@H](CCCN=C(N)N)NC1=O,Active
C[C@@H](NC(=O)[C@@H](N)Cc1ccc(O)cc1)C(=O)N[C@@H](Cc1ccccc1)C(=O)NCC(=O)N[C@@H](Cc1ccc(O)cc1)C(=O)N1CCC[C@H]1C(=O)N[C@@H](CO)C(N)=O,Active
O=C(CCc1ccc(F)cc1)N1CCN(CCCC(c2ccc(F)cc2)c2ccc(F)cc2)CC1,Active
N#Cc1ccc(CCOC(=O)NC2CCN(CCCC(c3ccc(F)cc3)c3ccc(F)cc3)CC2)cc1,Active
O=c1[nH]c2ccccc2n(C2CCN(Cc3cc4c(cc3Cl)OCO4)CC2)c1=O,Active
CN1CC[C@]23c4c5ccc(O)c4O[C@H]2C(=O)CC[C@@]3(NC(=O)CS)[C@H]1C5,Active
CCOc1ccc(CCNC(=O)N2CCN(CCCC(c3ccc(F)cc3)c3ccc(F)cc3)CC2)cc1,Active
O=C(CCCc1ccccc1)N1CCN(CCCC(c2ccc(F)cc2)c2ccc(F)cc2)CC1,Active
Cc1ccc(CN2CCC(n3c(O)nc4ccccc43)CC2)c(Cl)c1,Active
O=c1[nH]c2ccccc2n1C1CCN(CCCC(c2ccc(F)cc2)c2ccc(F)cc2)CC1,Active
Cl.Cl.Fc1ccc(C(c2ccc(F)cc2)N2CCN(C/C=C/c3ccccc3)CC2)cc1,Active
COc1ccc(-c2ccc3c(c2)CN(C(=O)[C@@H](N)Cc2c(C)cc(O)cc2C)[C@H](C(=O)O)C3)cc1,Active
COc1ccc2c(c1)CN(C(=O)[C@@H](N)Cc1c(C)cc(O)cc1C)[C@H](C(=O)O)C2,Active
Cc1cc(O)cc(C)c1C[C@H](N)C(=O)N1Cc2ccccc2C[C@H]1C/N=C(/S)NC(C)(C)C,Active
Cc1cc(O)cc(C)c1CC(N)C(=O)N1Cc2cc(O)ccc2C[C@H]1C(=O)O,Active
Cc1cc(O)cc(C)c1C[C@H](N)C(=O)N1Cc2cc(-c3ccccc3)ccc2C[C@H]1C(=O)O,Active
Cc1cc(O)cc(C)c1C[C@H](N)C(=O)N1Cc2ccccc2C[C@H]1CNCC(C)(C)C,Active
COc1ccc2c(c1)CN(C(=O)C(N)Cc1c(C)cc(O)cc1C)[C@H](C(=O)O)C2,Active
Cc1cc(O)cc(C)c1C[C@H](N)C(=O)N1Cc2ccccc2C[C@H]1CN(C)C,Active
Cc1cc(O)cc(C)c1C[C@H](N)C(=O)N1Cc2cc(-c3ccc(F)cc3)ccc2C[C@H]1C(=O)O,Active
Cc1cc(O)cc(C)c1C[C@H](N)C(=O)N1Cc2ccccc2C[C@H]1C/N=C(/S)Nc1ccccc1,Active
Cc1cc(O)cc(C)c1CC(N)C(=O)N1Cc2cc(-c3ccsc3)ccc2C[C@H]1C(=O)O,Active
Cc1cc(O)cc(C)c1C[C@H](N)C(=O)N1Cc2ccccc2C[C@H]1CO,Active
C=CCOC[C@@H]1Cc2ccccc2CN1C(=O)[C@@H](N)Cc1c(C)cc(O)cc1C,Active
Cc1cc(O)cc(C)c1C[C@H](N)C(=O)N1Cc2ccccc2C[C@H]1CN=[N+]=[N-],Active
Cc1cc(O)cc(C)c1C[C@H](N)C(=O)N1Cc2ccccc2C[C@H]1CN=C(N)N,Active
Cc1cc(O)cc(C)c1C[C@H](N)C(=O)N1Cc2ccccc2C[C@H]1CNC(=O)c1ccccc1,Active
Cc1cc(O)cc(C)c1C[C@H](N)C(=O)N1Cc2ccccc2C[C@H]1C(=O)O,Active
COc1ccc(-c2ccc3c(c2)CN(C(=O)C(N)Cc2c(C)cc(O)cc2C)[C@H](C(=O)O)C3)cc1,Active
Cc1cc(O)cc(C)c1C[C@H](N)C(=O)N1Cc2ccccc2C[C@H]1CNC(=O)C(C)(C)C,Active
CCNC(=O)NC[C@@H]1Cc2ccccc2CN1C(=O)[C@@H](N)Cc1c(C)cc(O)cc1C,Active
CC(C)[C@H](NC(=O)[C@H](CC(=O)O)NC(=O)[C@H](Cc1ccccc1)NC(=O)[C@@H](C)NC(=O)[C@@H](N)Cc1ccc(O)cc1)C(=O)N[C@H](C(=O)NCC(N)=O)C(C)C,Active
COc1cc2c(cc1-c1ccccc1)C[C@@H](C(=O)O)N(C(=O)C(N)Cc1c(C)cc(O)cc1C)C2,Active
CC(=O)NC[C@@H]1Cc2ccccc2CN1C(=O)[C@@H](N)Cc1c(C)cc(O)cc1C,Active
COc1cc2c(cc1-c1ccc(F)cc1)C[C@@H](C(=O)O)N(C(=O)C(N)Cc1c(C)cc(O)cc1C)C2,Active
Cc1cc(O)cc(C)c1C(NC(=O)C1Cc2ccccc2CN1)C(=O)O,Active
Cc1cc(O)cc(C)c1C[C@H](N)C(=O)N1Cc2ccccc2C[C@H]1CNC(=O)Nc1ccccc1,Active
COc1c(Br)cc2c(c1Br)CN(C(=O)[C@@H](N)Cc1c(C)cc(O)cc1C)[C@H](C(=O)O)C2,Active
CC(=O)OC[C@@H]1Cc2ccccc2CN1C(=O)[C@@H](N)Cc1c(C)cc(O)cc1C,Active
CC(=N)NC[C@@H]1Cc2ccccc2CN1C(=O)[C@@H](N)Cc1c(C)cc(O)cc1C,Active
Cc1cc(O)cc(C)c1C[C@H](N)C(=O)N1Cc2c(cc(Br)c(O)c2Br)C[C@H]1C(=O)O,Active
Cc1cc(O)cc(C)c1C[C@H](N)C(=O)N1Cc2ccccc2C[C@H]1CN,Active
Cc1cc(O)cc(C)c1CC(N)C(=O)N1Cc2cc(-c3cc4ccccc4o3)ccc2C[C@H]1C(=O)O,Active
COc1c(Br)cc2c(c1Br)CN(C(=O)[C@H](N)Cc1c(C)cc(O)cc1C)[C@H](C(=O)O)C2,Active
Cc1cc(O)cc(C)c1C[C@H](N)C(=O)N1Cc2ccccc2C[C@H]1C,Active
Cc1cc(O)cc(C)c1C[C@@H](N)C(=O)N1Cc2cc(-c3ccccc3)ccc2C[C@H]1C(=O)O,Active
Cc1cc(O)cc(C)c1C[C@@H](N)C(=O)N1Cc2cc(-c3ccc(F)cc3)ccc2C[C@H]1C(=O)O,Active
Cc1cc(O)cc(C)c1C[C@H](N)C(=O)N1Cc2ccccc2C[C@H]1COCc1ccccc1,Active
Cc1cc(O)cc(C)c1C[C@H](N)C(=O)N1Cc2ccccc2C[C@H]1CNCc1ccccc1,Active
COC[C@@H]1Cc2ccccc2CN1C(=O)[C@@H](N)Cc1c(C)cc(O)cc1C,Active
Cc1cc(O)cc(C)c1C[C@H](N)C(=O)N1Cc2ccccc2C[C@H]1CNC(=O)NC(C)(C)C,Active
COc1ccc(-c2cc3c(cc2OC)CN(C(=O)C(N)Cc2c(C)cc(O)cc2C)[C@H](C(=O)O)C3)cc1,Active
Cc1cc(O)cc(C)c1C[C@H](N)C(=O)N1Cc2ccccc2C[C@H]1CNC(=O)NC12CC3CC(CC(C3)C1)C2,Active
CC[C@H](C)[C@H]1NC(=O)[C@H](CCCN=C(N)N)NC(=O)[C@@H](CCCN=C(N)N)NC(=O)[C@H](NC(=O)[C@H](Cc2ccccc2)NC(=O)CNC(=O)[C@@H](C)NC(=O)[C@@H](N)Cc2ccc(O)cc2)CSSC[C@H](C(=O)O)NC(=O)[C@H]2CCCN2C(=O)[C@H](CCCN=C(N)N)NC1=O,Active
CC[C@H](C)[C@H]1NC(=O)[C@H](CCCN=C(N)N)NC(=O)[C@@H](CCCN=C(N)N)NC(=O)[C@H](NC(=O)[C@H](Cc2ccccc2)NC(=O)CNC(=O)CNC(=O)[C@@H](N)Cc2ccc(O)cc2)CSSC[C@H](C(=O)N[C@H](CCCN=C(N)N)C(=O)N[C@H](CCCCN)C(=O)O)NC1=O,Active
CC[C@H](C)[C@H](NC(=O)[C@H](CCCNC(=N)N)NC(=O)[C@H](CCCNC(=N)N)NC(=O)[C@H](CC(C)C)NC(=O)[C@H](Cc1ccccc1)NC(=O)CNC(=O)CNC(=O)[C@@H](N)Cc1ccc(O)cc1)C(=O)N[C@@H](CCCNC(=N)N)C(=O)N1CCC[C@H]1C(=O)N[C@@H](CCCCN)C(=O)N[C@@H](CC(C)C)C(=O)N[C@@H](CCCCN)C(=O)O,Active
CC[C@H](C)[C@H]1NC(=O)[C@H](CCCN=C(N)N)NC(=O)[C@@H](NC(=O)[C@H](CC(C)C)NC(=O)[C@H](Cc2ccccc2)NC(=O)CNC(=O)CNC(=O)[C@@H](N)Cc2ccc(O)cc2)CSSC[C@@H](C(=O)N[C@@H](CCCCN)C(=O)O)NC(=O)[C@H](CCCN=C(N)N)NC1=O,Active
CC[C@H](C)[C@H]1NC(=O)[C@H](CCCN=C(N)N)NC(=O)[C@@H](CCCN=C(N)N)NC(=O)[C@H](NC(=O)[C@H](Cc2ccccc2)NC(=O)CNC(=O)CNC(=O)[C@@H](N)Cc2ccc(O)cc2)CSSC[C@H](C(=O)N2CCC[C@@H]2C(=O)N[C@H](CCCCN)C(=O)O)NC1=O,Active
CC[C@H](C)[C@@H](CN[C@@H](CCCN=C(N)N)C(=O)N1CCC[C@H]1C(=O)N[C@@H](CCCCN)C(N)=O)NC(=O)[C@H](CCCN=C(N)N)NC(=O)[C@H](CCCN=C(N)N)NC(=O)[C@H](CC(C)C)NC(=O)[C@H](Cc1ccccc1)NC(=O)CNC(=O)CNC(=O)[C@@H](N)Cc1ccc(O)cc1,Active
CC[C@H](C)[C@H](NC[C@H](CCCCN)NC(=O)[C@H](CCCN=C(N)N)NC(=O)[C@H](CC(C)C)NC(=O)[C@H](Cc1ccccc1)NC(=O)CNC(=O)CNC(=O)[C@@H](N)Cc1ccc(O)cc1)C(=O)N[C@@H](CCCN=C(N)N)C(=O)N1CCC[C@H]1C(=O)N[C@@H](CCCCN)C(N)=O,Active
CC(C)C[C@H](NC(=O)[C@H](Cc1ccccc1)NC(=O)CNC(=O)CNC(=O)[C@@H](N)Cc1ccc(O)cc1)C(=O)N[C@@H](CCCN=C(N)N)C(=O)N[C@@H](CCCN=C(N)N)C(=O)N[C@H]1CSSC[C@H](C(=O)O)NC(=O)[C@@H](CC(C)C)NC(=O)[C@H](CCCCN)NC(=O)[C@H]2CCCN2C(=O)[C@H](CCCN=C(N)N)NC1=O,Active
CC[C@H](C)[C@H]1NC(=O)[C@H](CCCN=C(N)N)NC(=O)[C@@H](CCCN=C(N)N)NC(=O)[C@H](NC(=O)[C@H](Cc2ccccc2)NC(=O)CNC(=O)CNC(=O)[C@@H](N)Cc2ccc(O)cc2)CSSC[C@H](C(=O)O)NC(=O)[C@@H](CC(C)C)NC(=O)[C@H](CCCCN)NC(=O)[C@@H]2CCCN2C(=O)[C@H](CCCN=C(N)N)NC1=O,Active
CC[C@H](C)[C@H](NC(=O)[C@H](CCCN=C(N)N)NC(=O)[C@H](CCCN=C(N)N)NC(=O)[C@H](CC(C)C)NC[C@H](Cc1ccccc1)NC(=O)CNC(=O)CNC(=O)[C@@H](N)Cc1ccc(O)cc1)C(=O)N[C@@H](CCCN=C(N)N)C(=O)N1CCC[C@H]1C(=O)N[C@@H](CCCCN)C(N)=O,Active
CC[C@H](C)[C@H](NC(=O)[C@H](CCCN=C(N)N)NC(=O)[C@H](CCCN=C(N)N)NC(=O)[C@H](CC(C)C)NC(=O)[C@H](Cc1ccccc1)NC(=O)CNC(=O)CNC[C@@H](N)Cc1ccc(O)cc1)C(=O)N[C@@H](CCCN=C(N)N)C(=O)N1CCC[C@H]1C(=O)N[C@@H](CCCCN)C(N)=O,Active
CC[C@H](C)[C@H](NC(=O)[C@H](CCCN=C(N)N)NC(=O)[C@H](CCCN=C(N)N)NC[C@H](CCCCN)NC(=O)[C@H](Cc1ccccc1)NC(=O)CNC(=O)CNC(=O)[C@@H](N)Cc1ccc(O)cc1)C(=O)N[C@@H](CCCN=C(N)N)C(=O)N1CCC[C@H]1C(=O)N[C@@H](CCCCN)C(N)=O,Active
CC[C@H](C)[C@H]1NC(=O)[C@H](CCCN=C(N)N)NC(=O)[C@@H](CCCN=C(N)N)NC(=O)[C@H](NC(=O)[C@@H]2Cc3ccccc3CN2C(=O)CNC(=O)CNC(=O)[C@@H](N)Cc2ccc(O)cc2)CSSC[C@H](C(=O)O)NC(=O)[C@H]2CCCN2C(=O)[C@H](CCCN=C(N)N)NC1=O,Active
CC[C@H](C)[C@H]1NC(=O)[C@H](CCCN=C(N)N)NC(=O)[C@@H](CCCN=C(N)N)NC(=O)[C@H](NC(=O)[C@H](Cc2ccccc2)NC(=O)CNC(=O)CNC(=O)[C@@H](N)Cc2ccccc2)CSSC[C@H](C(=O)O)NC(=O)[C@H]2CCCN2C(=O)[C@H](CCCN=C(N)N)NC1=O,Active
CC[C@H](C)[C@H](NC(=O)[C@H](CCCN=C(N)N)NC(=O)[C@H](CCCN=C(N)N)NC[C@H](CC(C)C)NC(=O)[C@H](Cc1ccccc1)NC(=O)CNC(=O)CNC(=O)[C@@H](N)Cc1ccc(O)cc1)C(=O)N[C@@H](CCCN=C(N)N)C(=O)N1CCC[C@H]1C(=O)N[C@@H](CCCCN)C(N)=O,Active
CC(C)C[C@H](NC(=O)[C@H](Cc1ccccc1)NC(=O)CNC(=O)CNC(=O)[C@@H](N)Cc1ccc(O)cc1)C(=O)N[C@@H](CCCN=C(N)N)C(=O)N[C@@H](CCCN=C(N)N)C(=O)N[C@@H]1CSSC[C@@H](C(=O)N[C@@H](CCCCN)C(=O)O)NC(=O)[C@@H](CCCCN)NC(=O)[C@@H]2CCCN2C(=O)[C@@H](CCCN=C(N)N)NC1=O,Active
CC[C@H](C)[C@H]1NC(=O)[C@H](CCCN=C(N)N)NC(=O)[C@@H](CCCN=C(N)N)NC(=O)[C@H](NC(=O)[C@H](Cc2ccccc2)NC(=O)CNC(=O)CNC(=O)[C@@H](N)Cc2ccc(O)cc2)C(C)(C)SSC[C@H](C(=O)O)NC(=O)[C@H]2CCCN2C(=O)[C@H](CCCN=C(N)N)NC1=O,Active
CC[C@H](C)[C@H](NC(=O)[C@H](CCCN=C(N)N)NC(=O)[C@H](CCCN=C(N)N)NC(=O)[C@H](CC(C)C)NC(=O)[C@H](Cc1ccccc1)NC(=O)CNC(=O)CNC(=O)[C@@H](N)Cc1ccc(O)cc1)C(=O)N[C@@H](CCCCN)CN1CCC[C@H]1C(=O)N[C@@H](CCCCN)C(N)=O,Active
CC[C@H](C)[C@H](NC(=O)[C@H](CCCNC(=N)N)NC(=O)[C@H](CCCNC(=N)N)NC(=O)[C@H](CC(C)C)NC(=O)[C@H](Cc1ccccc1)NC(=O)CNC(=O)CNC(=O)[C@@H](N)Cc1ccc(O)cc1)C(=O)N[C@@H](CCCNC(=N)N)C(=O)N1CCC[C@H]1C(=O)N[C@@H](CCCCN)C(=O)O,Active
CC[C@H](C)[C@@H]1NC(=O)[C@@H](CCCN=C(N)N)NC(=O)[C@H](CCCN=C(N)N)NC(=O)[C@H](NC(=O)[C@H](Cc2ccccc2)NC(=O)CNC(=O)CNC(=O)[C@@H](N)Cc2ccc(O)cc2)CSSC[C@H](C(=O)N[C@@H](CCCCN)C(=O)O)NC(=O)[C@@H](CCCN=C(N)N)NC1=O,Active
CC[C@H](C)[C@H](NC(=O)[C@H](CCCN=C(N)N)NC(=O)[C@H](CCCN=C(N)N)NC(=O)[C@H](CC(C)C)NC(=O)[C@H](Cc1ccccc1)NCCNC(=O)CNC(=O)[C@@H](N)Cc1ccc(O)cc1)C(=O)N[C@@H](CCCN=C(N)N)C(=O)N1CCC[C@H]1C(=O)N[C@@H](CCCCN)C(N)=O,Active
C=CCN1C[C@H](C)N([C@H](c2ccc(C(=O)N(C(C)C)C(C)C)cc2)c2cccc(OC)c2)C[C@H]1C,Active
CC1(C)SSC(C)(C)[C@@H](NC(=O)[C@]2(N)CCC3C=C(O)C=CC3C2)C(=O)NCC(=O)N[C@@H](Cc2ccccc2)C(=O)N[C@H]1C(=O)O,Active
C[C@@H](c1ccc(O)cc1)[C@@H](N)C(=O)N[C@H]1C(=O)NCC(=O)N[C@@H](Cc2ccccc2)C(=O)N[C@@H](C(=O)O)C(C)(C)SSC1(C)C,Inactive
C=CCN1C[C@H](C)N([C@H](c2ccc(C(=O)N3CCCCCC3)cc2)c2cccc(OC)c2)C[C@H]1C,Active
Cc1cc(O)ccc1C[C@H](N)C(=O)N[C@H]1C(=O)NCC(=O)N[C@@H](Cc2ccccc2)C(=O)N[C@@H](C(=O)O)C(C)(C)SSC1(C)C,Active
C=CCN1C[C@H](C)N([C@H](c2ccc(C(=O)N(CC)CCCC)cc2)c2cccc(OC)c2)C[C@H]1C,Active
COc1cc(C[C@H](N)C(=O)N[C@H]2C(=O)NCC(=O)N[C@@H](Cc3ccccc3)C(=O)N[C@@H](C(=O)O)C(C)(C)SSC2(C)C)ccc1O,Inactive
CN(C(=O)c1ccc(Br)cc1Cl)[C@H]1CCCC[C@@]12CCCN2C.Cl,Active
CN1CCC[C@@]12CCCC[C@@H]2N(CC1CC1)C(=O)c1ccc(Br)cc1,Active
C=CCN1C[C@H](C)N([C@H](c2ccc(C(=O)N(C)CC)cc2)c2cccc(OC)c2)C[C@H]1C,Active
CC1(C)SSC(C)(C)[C@@H](NC(=O)[C@@H](N)Cc2ccc(O)c([N+](=O)[O-])c2)C(=O)NCC(=O)N[C@@H](Cc2ccccc2)C(=O)N[C@H]1C(=O)O,Inactive
C=CCN1C[C@H](C)N([C@H](c2ccc(C(=O)N3CCCC3)cc2)c2cccc(OC)c2)C[C@H]1C,Active
C=CCN1C[C@H](C)N([C@H](c2ccc(C(=O)N(C)C)cc2)c2cccc(OC)c2)C[C@H]1C,Active
C=CCN1C[C@H](C)N([C@H](c2ccc(C(=O)N3CCCCC3)cc2)c2cccc(OC)c2)C[C@H]1C,Active
C=CCN1C[C@H](C)N([C@H](c2ccc(C(=O)N(CCC)CCC)cc2)c2cccc(OC)c2)C[C@H]1C,Active
Cc1cc(O)ccc1C[C@@H](N)C(=O)N[C@H]1C(=O)NCC(=O)N[C@@H](Cc2ccccc2)C(=O)N[C@@H](C(=O)O)C(C)(C)SSC1(C)C,Active
C[C@@H](c1ccc(O)cc1)[C@H](N)C(=O)N[C@H]1C(=O)NCC(=O)N[C@@H](Cc2ccccc2)C(=O)N[C@@H](C(=O)O)C(C)(C)SSC1(C)C,Active
C[C@H](c1ccc(O)cc1)[C@H](N)C(=O)N[C@H]1C(=O)NCC(=O)N[C@@H](Cc2ccccc2)C(=O)N[C@@H](C(=O)O)C(C)(C)SSC1(C)C,Active
CN(C(=O)c1ccc(Br)c(Br)c1)[C@H]1CCCC[C@@]12CCCN2C,Active
CC1(C)SSC(C)(C)[C@@H](NC(=O)[C@@H](N)Cc2ccc(O)c(I)c2)C(=O)NCC(=O)N[C@@H](Cc2ccccc2)C(=O)N[C@H]1C(=O)O,Inactive
CN1CCC[C@@]12CCCC[C@@H]2NC(=O)Cc1ccc(Cl)c(Cl)c1,Active
COc1ccc2c3c1O[C@H]1C(=O)CC[C@@]4(NC(=O)/C=C/c5ccc([N+](=O)[O-])cc5)[C@@H](C2)N(CC2CC2)CC[C@]314,Active
C[C@@]12Oc3c(O)ccc4c3C13CCN(CC1CC1)C(C4)[C@]3(NC(=O)/C=C/c1ccc([N+](=O)[O-])cc1)CCC2=O,Active
COc1ccc2c3c1O[C@H]1C(=O)CC[C@@]4(NC(=O)/C=C/c5ccc([N+](=O)[O-])cc5)C(C2)N(C)CCC314,Active
CN1CCC23c4c5ccc(O)c4O[C@@]2(C)C(=O)CC[C@@]3(NC(=O)/C=C/c2ccc([N+](=O)[O-])cc2)C1C5,Active
COc1ccc2c3c1O[C@H]1C(=O)C=C[C@@]4(NC(=O)/C=C/c5ccc([N+](=O)[O-])cc5)C(C2)N(CC2CC2)CCC314,Active
COc1ccc2c3c1O[C@H]1C(=O)C=C[C@@]4(NC(=O)/C=C/c5ccc([N+](=O)[O-])cc5)C(C2)N(C)CCC314,Active
C[C@@]12Oc3c(O)ccc4c3C13CCN(CC1CC1)C(C4)[C@]3(NC(=O)/C=C/c1ccc([N+](=O)[O-])cc1)C=CC2=O,Active
COc1ccc2c3c1O[C@@]1(C)C(=O)C=C[C@@]4(NC(=O)/C=C/c5ccc([N+](=O)[O-])cc5)C(C2)N(CC2CC2)CCC314,Active
O=C(/C=C/c1ccc([N+](=O)[O-])cc1)N[C@@]12C=CC(=O)[C@@H]3Oc4c(O)ccc5c4C31CCN(CC1CC1)C2C5,Active
O=C(/C=C/c1ccc([N+](=O)[O-])cc1)N[C@@]12CCC(=O)[C@@H]3Oc4c(O)ccc5c4[C@@]31CCN(CC1CC1)[C@@H]2C5,Active
CN1CC[C@]23c4c5ccc(O)c4O[C@H]2C(=O)CC[C@@]3(NC(=O)/C=C/c2ccc([N+](=O)[O-])cc2)[C@H]1C5,Active
CN1CCC23c4c5ccc(O)c4O[C@H]2C(=O)C=C[C@@]3(NC(=O)/C=C/c2ccc([N+](=O)[O-])cc2)C1C5,Active
COc1ccc2c3c1O[C@@]1(C)C(=O)C=C[C@@]4(NC(=O)/C=C/c5ccc([N+](=O)[O-])cc5)C(C2)N(C)CCC314,Active
C[C@@]12Oc3c(O)ccc4c3C13CCN(CC1CC1)C(C4)[C@]3(NC(=O)CCc1ccc([N+](=O)[O-])cc1)CCC2=O,Active
COc1ccc2c3c1O[C@@]1(C)C(=O)CC[C@@]4(NC(=O)/C=C/c5ccc([N+](=O)[O-])cc5)C(C2)N(CC2CC2)CCC314,Active
CN1CCC23c4c5ccc(O)c4O[C@@]2(C)C(=O)C=C[C@@]3(NC(=O)/C=C/c2ccc([N+](=O)[O-])cc2)C1C5,Active
C=CCN1CCN(C(c2ccccc2)c2ccc(C(=O)N(C)C)cc2)CC1,Active
C=CCN1C[C@H](C)N([C@@H](c2ccc(-c3ccccn3)cc2)c2cccc(OC)c2)C[C@H]1C,Active
C=CCN1CCN(C(c2ccccc2)c2ccc(C(=O)N(CCC)CCC)cc2)CC1,Active
CCN(CC)C(=O)c1ccc(C(c2ccccc2)N2CCN(CC3CCc4ccccc4C3)CC2)cc1,Active
C=CCN1CCN(C(c2ccccc2)c2ccc(-c3ccccc3)cc2)CC1,Active
CCCN1CCN(C(c2ccccc2)c2ccc(C(=O)N(CC)CC)cc2)CC1,Active
C=CCN1C[C@H](C)N(C(c2ccccc2)c2ccccc2)C[C@H]1C,Active
CCN(CC)C(=O)c1ccc(C(c2ccccc2)N(CCN(C)C)Cc2ccccc2)cc1,Active
C=CCN1CCN(C(c2ccccc2)c2ccc(C(=O)N(Cc3cccnc3)CC(OCCC)OCCC)cc2)CC1,Active
C=CCN1CCCN(C(c2ccccc2)c2ccc(C(=O)N(CC)CC)cc2)CC1,Active
C=CCN1CCN([C@@H](c2ccccc2)c2ccc(C(=O)N(CC)CC)cc2)CC1,Active
C=CCN1CCN(C(c2ccccc2)c2ccc(C(=O)NCC)cc2)CC1,Active
CCN(CC)C(=O)c1ccc(C(c2ccccc2)N2CC(C)NC(C)C2)cc1,Active
C=CCN1CCN([C@H](c2ccc(C(=O)N(CC)CC)cc2)c2cccc(OC)c2)CC1,Active
C=CCN1CCN(C(c2ccccc2)c2ccc(C(=O)O)cc2)CC1,Active
CCN(CC)C(=O)c1ccc(C(c2ccccc2)N2CCN(Cc3ccc4c(c3)OCO4)CC2)cc1,Active
C=CCN1CCN(C(c2ccccc2)c2ccc(-c3cccnc3)cc2)CC1,Active
CCN(CC)C(=O)c1ccc(C(c2ccccc2)N2CCN(CCO)CC2)cc1,Active
CCN(CC)C(=O)c1ccc(C(c2ccccc2)N2CCN(c3ccc(O)cc3)CC2)cc1,Active
CCN(CC)C(=O)c1ccc(C(c2ccccc2)N2CCN(C3CCCC3)CC2)cc1,Active
CCC(=O)N1c2ccccc2OC[C@H]2CN(CCc3ccccc3)CCC21,Active
C=CCN1C[C@H](C)N([C@H](c2ccccc2)c2ccc(C(=O)N(CC)CC)cc2)C[C@H]1C,Active
CCN(CC)C(=O)c1ccc(C(NCC(C)(C)N)c2ccccc2)cc1,Active
C=CCN1CCN(C(c2ccccc2)c2ccc(C(=O)OC)cc2)CC1,Active
C=CCN1CCN(C(c2ccccc2)c2ccc(-c3ccccn3)cc2)CC1,Active
CCN(CC)C(=O)c1ccc(C(c2ccccc2)N2CCNC3CCCCC32)cc1,Active
CCN(CC)C(=O)c1ccc(C(c2ccccc2)N(CC)CCN(C)C)cc1,Active
C=CCN1CCN(C(c2ccccc2)c2ccc(-c3cccs3)cc2)CC1,Active
C=CCN1CCN(C(c2ccccc2)c2ccc(C(=O)Nc3ccc(OC)cc3)cc2)CC1,Active
C=CCN1CCN(C(c2ccccc2)c2ccc(C(=O)N(CCC)CC3CC3)cc2)CC1,Active
O=C(CSSCC(=O)N[C@@]12CCC(=O)[C@@H]3Oc4c(O)ccc5c4[C@@]31CCN(CC1CCC1)[C@@H]2C5)N[C@@]12CCC(=O)[C@@H]3Oc4c(O)ccc5c4[C@@]31CCN(CC1CCC1)[C@@H]2C5,Active
C=CCN1C[C@H](C)N([C@@H](c2ccc(C(=S)N(CC)CC)cc2)c2cccc(OC)c2)C[C@H]1C,Active
C=CCN1CCN(C(c2ccccc2)c2ccc(C(=O)OCC)cc2)CC1,Active
CCC(=O)N1c2ccccc2OC[C@@H]2CN(CCc3ccccc3)CCC21,Active
C=CCN1C[C@H](C)N([C@@H](c2ccc(C(=O)O)cc2)c2cccc(OC)c2)C[C@H]1C,Active
CCN(CC)C(=O)c1ccc([C@H](c2ccccc2)N2C[C@@H](C)N(Cc3ccc4c(c3)OCO4)C[C@@H]2C)cc1,Active
C=CCN1C[C@H](C)N([C@@H](c2ccc(C(=O)OC)cc2)c2cccc(OC)c2)C[C@H]1C,Active
C=CCN1CCN(C(c2ccccc2)c2ccc(C(=O)N3CCCCC3)cc2)CC1,Active
CC[C@H](C)[C@H](NC(=O)[C@H](CCCN=C(N)N)NC(=O)[C@H](CCCN=C(N)N)NC(=O)[C@H](CC(C)C)NC(=O)[C@H](Cc1ccccc1)NC(=O)CNC(=O)CNC(=O)[C@@H](N)Cc1ccc(O)cc1)C(=O)N[C@@H](CCCN=C(N)N)C(=O)N1CCC[C@H]1C(=O)N[C@H](CCCCN)C(N)=O,Active
Oc1ccc2c3c1O[C@H]1[C@H](OC[C@@H]4CO4)CC[C@@]4(O)[C@@H](C2)N(CC2CC2)CC[C@]314,Active
CC[C@H](C)[C@@H]1NC(=O)[C@H](CCCN=C(N)N)NC(=O)[C@H](CCCN=C(N)N)NC(=O)[C@H](NC(=O)[C@H](Cc2ccccc2)NC(=O)CNC(=O)CNC(=O)[C@@H](N)Cc2ccc(O)cc2)C(C)(C)SCCSC(C)(C)[C@@H](C(N)=O)NC(=O)[C@@H]2CCCN2C(=O)[C@H](CCCN=C(N)N)NC1=O,Active
CC[C@H](C)[C@H]1NC(=O)[C@H](CCCN=C(N)N)NC(=O)[C@@H](CCCN=C(N)N)NC(=O)[C@@H](NC(=O)[C@H](Cc2ccccc2)NC(=O)CNC(=O)CNC(=O)[C@@H](N)Cc2ccc(O)cc2)C(C)(C)SCCSC(C)(C)[C@H](C(N)=O)NC(=O)[C@H]2CCCN2C(=O)[C@H](CCCN=C(N)N)NC1=O,Active
Oc1ccc2c3c1O[C@H]1[C@H](OCCN=S)CC[C@@]4(O)[C@@H](C2)N(CC2CC2)CC[C@]314,Active
CC[C@H](C)[C@@H]1NC(=O)[C@H](CCCN=C(N)N)NC(=O)[C@H](CCCN=C(N)N)NC(=O)[C@@H](NC(=O)[C@H](Cc2ccccc2)NC(=O)CNC(=O)CNC(=O)[C@@H](N)Cc2ccc(O)cc2)CSCCSC[C@@H](C(N)=O)NC(=O)[C@@H]2CCCN2C(=O)[C@H](CCCN=C(N)N)NC1=O,Active
CC[C@H](C)[C@@H]1NC(=O)[C@H](CCCN=C(N)N)NC(=O)[C@H](CCCN=C(N)N)NC(=O)[C@@H](NC(=O)[C@H](Cc2ccccc2)NC(=O)CNC(=O)CNC(=O)[C@@H](N)Cc2ccc(O)cc2)CSCCSC(C)(C)[C@@H](C(N)=O)NC(=O)[C@@H]2CCCN2C(=O)[C@H](CCCN=C(N)N)NC1=O,Active
CC[C@H](C)[C@@H]1NC(=O)[C@H](CCCN=C(N)N)NC(=O)[C@H](CCCN=C(N)N)NC(=O)[C@H](NC(=O)[C@H](Cc2ccccc2)NC(=O)CNC(=O)CNC(=O)[C@@H](N)Cc2ccc(O)cc2)C(C)(C)SCCSC[C@@H](C(N)=O)NC(=O)[C@@H]2CCCN2C(=O)[C@H](CCCN=C(N)N)NC1=O,Active
CC[C@H](C)[C@@H]1NC(=O)[C@H](CCCN=C(N)N)NC(=O)[C@H](CCCN=C(N)N)NC(=O)[C@H](NC(=O)[C@H](Cc2ccccc2)NC(=O)CNC(=O)CNC(=O)[C@@H](N)Cc2ccc(O)cc2)CSCCSC(C)(C)[C@H](C(N)=O)NC(=O)[C@@H]2CCCN2C(=O)[C@H](CCCN=C(N)N)NC1=O,Active
C=C1C[C@@H](CO[C@@H]2CC[C@@]3(OC(C)=O)[C@H]4Cc5ccc(O)c6c5[C@@]3(CCN4CC3CC3)[C@H]2O6)OC1=O,Active
CC[C@H](C)[C@@H]1NC(=O)[C@H](CCCN=C(N)N)NC(=O)[C@H](CCCN=C(N)N)NC(=O)[C@H](NC(=O)[C@H](Cc2ccccc2)NC(=O)CNC(=O)CNC(=O)[C@@H](N)Cc2ccc(O)cc2)C(C)(C)SCCSC(C)(C)[C@H](C(N)=O)NC(=O)[C@@H]2CCCN2C(=O)[C@H](CCCN=C(N)N)NC1=O,Active
CC[C@H](C)[C@H]1NC(=O)[C@H](CCCN=C(N)N)NC(=O)[C@@H](CCCN=C(N)N)NC(=O)[C@@H](NC(=O)[C@H](Cc2ccccc2)NC(=O)CNC(=O)CNC(=O)[C@@H](N)Cc2ccc(O)cc2)C(C)(C)SCCSC(C)(C)[C@@H](C(N)=O)NC(=O)[C@H]2CCCN2C(=O)[C@H](CCCN=C(N)N)NC1=O,Active
CC[C@H](C)[C@@H]1NC(=O)[C@H](CCCN=C(N)N)NC(=O)[C@H](CCCN=C(N)N)NC(=O)[C@H](NC(=O)[C@H](Cc2ccccc2)NC(=O)CNC(=O)CNC(=O)[C@@H](N)Cc2ccc(O)cc2)CSCCSC[C@H](C(N)=O)NC(=O)[C@@H]2CCCN2C(=O)[C@H](CCCN=C(N)N)NC1=O,Active
CC[C@H](C)[C@@H]1NC(=O)[C@H](CCCN=C(N)N)NC(=O)[C@H](CCCN=C(N)N)NC(=O)[C@@H](NC(=O)[C@H](Cc2ccccc2)NC(=O)CNC(=O)CNC(=O)[C@@H](N)Cc2ccc(O)cc2)CSCCSC(C)(C)[C@H](C(N)=O)NC(=O)[C@@H]2CCCN2C(=O)[C@H](CCCN=C(N)N)NC1=O,Active
CC[C@H](C)[C@H]1NC(=O)[C@H](CCCN=C(N)N)NC(=O)[C@@H](CCCN=C(N)N)NC(=O)[C@@H](NC(=O)[C@H](Cc2ccccc2)NC(=O)CNC(=O)CNC(=O)[C@@H](N)Cc2ccc(O)cc2)CSCCSC(C)(C)[C@@H](C(N)=O)NC(=O)[C@H]2CCCN2C(=O)[C@H](CCCN=C(N)N)NC1=O,Active
C=C1C[C@@H](CO[C@@H]2CC[C@@]3(O)[C@H]4Cc5ccc(O)c6c5[C@@]3(CCN4CC3CC3)[C@H]2O6)OC1=O,Active
CC[C@H](C)[C@@H]1NC(=O)[C@H](CCCN=C(N)N)NC(=O)[C@H](CCCN=C(N)N)NC(=O)[C@@H](NC(=O)[C@H](Cc2ccccc2)NC(=O)CNC(=O)CNC(=O)[C@@H](N)Cc2ccc(O)cc2)C(C)(C)SCCSC[C@@H](C(N)=O)NC(=O)[C@@H]2CCCN2C(=O)[C@H](CCCN=C(N)N)NC1=O,Active
CC[C@H](C)[C@H](NC(=O)[C@H](CCCN=C(N)N)NC(=O)[C@H](CCCN=C(N)N)NC(=O)[C@@H](CC(C)C)NC(=O)[C@H](Cc1ccccc1)NC(=O)CNC(=O)CNC(=O)[C@@H](N)Cc1ccc(O)cc1)C(=O)N[C@@H](CCCN=C(N)N)C(=O)N1CCC[C@H]1C(=O)N[C@@H](CCCCN)C(N)=O,Active
C=C1C[C@H](CO[C@@H]2CC[C@@]3(O)[C@H]4Cc5ccc(O)c6c5[C@@]3(CCN4CC3CC3)[C@H]2O6)OC1=O,Active
C=C1C[C@H](CO[C@@H]2CC[C@@]3(OC(C)=O)[C@H]4Cc5ccc(O)c6c5[C@@]3(CCN4CC3CC3)[C@H]2O6)OC1=O,Active
Oc1ccc2c3c1O[C@H]1[C@H](OC[C@H]4CO4)CC[C@@]4(O)[C@@H](C2)N(CC2CC2)CC[C@]314,Active
CC[C@H](C)[C@H]1NC(=O)[C@H](CCCN=C(N)N)NC(=O)[C@H](CCCN=C(N)N)NC(=O)[C@H](NC(=O)[C@H](Cc2ccccc2)NC(=O)CNC(=O)CNC(=O)[C@@H](N)Cc2ccc(O)cc2)CSCCSC[C@@H](C(N)=O)NC(=O)[C@@H]2CCCN2C(=O)[C@H](CCCN=C(N)N)NC1=O,Active
CC[C@H](C)[C@@H]1NC(=O)[C@H](CCCN=C(N)N)NC(=O)[C@H](CCCN=C(N)N)NC(=O)[C@H](NC(=O)[C@H](Cc2ccccc2)NC(=O)CNC(=O)CNC(=O)[C@@H](N)Cc2ccc(O)cc2)C(C)(C)SCCSC[C@H](C(N)=O)NC(=O)[C@@H]2CCCN2C(=O)[C@H](CCCN=C(N)N)NC1=O,Active
CC[C@H](C)[C@H]1NC(=O)[C@H](CCCN=C(N)N)NC(=O)[C@@H](CCCN=C(N)N)NC(=O)[C@@H](NC(=O)[C@H](Cc2ccccc2)NC(=O)CNC(=O)CNC(=O)[C@@H](N)Cc2ccc(O)cc2)C(C)(C)SCCSC[C@@H](C(N)=O)NC(=O)[C@H]2CCCN2C(=O)[C@H](CCCN=C(N)N)NC1=O,Active
CC[C@H](C)[C@@H]1NC(=O)[C@H](CCCN=C(N)N)NC(=O)[C@H](CCCN=C(N)N)NC(=O)[C@H](NC(=O)[C@H](Cc2ccccc2)NC(=O)CNC(=O)CNC(=O)[C@@H](N)Cc2ccc(O)cc2)CSCCSC[C@@H](C(N)=O)NC(=O)[C@@H]2CCCN2C(=O)[C@H](CCCN=C(N)N)NC1=O,Active
CN1C(=O)C2(CCN(CC3CCCCCCC3)CC2)c2ccc(O)cc21,Active
Cc1ccc2c(c1)N(C)C(=O)C21CCN(CC2CCCCCCC2)CC1,Active
Cc1ccc2c(c1)C1(CCN(CC3CCCCCCC3)CC1)C(=O)N2C,Active
CCCN1C(=O)C2(CCN(CC3CCCCCCC3)CC2)c2cc(C(C)C)ccc21,Active
N[C@@H](Cc1ccc(O)cc1)C(=O)N[C@@H]1CSSC[C@@H](NC(=O)[C@@H](N)Cc2ccc(O)cc2)C(=O)NCC(=O)N[C@@H](Cc2ccccc2)C(=O)NNC(=O)[C@H](Cc2ccccc2)NC(=O)CNC1=O,Active
N[C@@H](Cc1ccc(O)cc1)C(=O)N[C@H]1CSSC[C@H](NC(=O)[C@@H](N)Cc2ccc(O)cc2)C(=O)NCC(=O)N[C@@H](Cc2ccccc2)C(=O)NNC(=O)[C@H](Cc2ccccc2)NC(=O)CNC1=O,Active
CNC[C@@H](Cc1ccccc1)N(C)C[C@H](Cc1ccc(O)cc1)N(C)C[C@@H](N)Cc1ccc(O)cc1,Active
CNC[C@H](Cc1ccccc1)N(C)C[C@@H](Cc1ccc(O)cc1)N(C)C[C@@H](N)Cc1ccc(O)cc1,Inactive
CNC[C@H](Cc1ccccc1)N(C)C[C@H](Cc1ccc(O)cc1)N(C)C[C@@H](Cc1ccc(O)cc1)N(C)C,Active
CNC[C@@H](Cc1ccccc1)N(C)C[C@@H](Cc1ccc(O)cc1)N(C)C[C@@H](Cc1ccc(O)cc1)N(C)C,Active
CNC[C@@H](Cc1ccccc1)N(C)C[C@@H](Cc1ccc(O)cc1)N(C)C[C@H](Cc1ccc(O)cc1)N(C)C,Inactive
CNC[C@@H](Cc1ccccc1)N(C)C[C@H](Cc1ccc(O)cc1)N(C)C[C@@H](Cc1ccc(O)cc1)N(C)C,Inactive
CNC[C@H](Cc1ccccc1)N(C)C[C@@H](Cc1ccc(O)cc1)N(C)C[C@@H](Cc1ccc(O)cc1)N(C)C,Inactive
CN[C@H](CN[C@H](CN)Cc1ccc(O)cc1)Cc1ccc(O)cc1,Inactive
CN(C)[C@H](CN[C@H](CN)Cc1ccc(O)cc1)Cc1ccc(O)cc1,Inactive
CN[C@@H](Cc1ccc(O)cc1)CN(C)[C@H](CNCc1ccccc1)Cc1ccc(O)cc1,Active
CN(C)[C@@H](Cc1ccc(O)cc1)CN(C)[C@H](CNCc1ccccc1)Cc1ccc(O)cc1,Active
CNC[C@H](Cc1ccc(O)cc1)N(Cc1ccccc1)C[C@@H](N)Cc1ccc(O)cc1,Inactive
CNC[C@H](Cc1ccc(O)cc1)N(Cc1ccccc1)C[C@H](Cc1ccc(O)cc1)NC,Inactive
CNC[C@H](Cc1ccc(O)cc1)N(Cc1ccccc1)C[C@H](Cc1ccc(O)cc1)N(C)C,Inactive
CN(C[C@@H](N)Cc1ccc(O)cc1)[C@H](CNCc1ccccc1)Cc1ccc(O)cc1,Inactive
CNC[C@H](Cc1ccccc1)N(C)C[C@H](Cc1ccc(O)cc1)N(C)C[C@H](Cc1ccc(O)cc1)N(C)C,Active
NCCC(=O)N(c1ccccc1)C1CCN(CCc2ccccc2)CC1,Inactive
O=C(O)CCC(=O)N(c1ccccc1)C1CCN(CCc2ccccc2)CC1,Active
C[C@@H](NC(=O)[C@@H](N)Cc1ccc(O)cc1)C(=O)NCC(=O)N[C@@H](Cc1ccccc1)C(=O)NCCC(=O)N(c1ccccc1)C1CCN(CCc2ccccc2)CC1,Active
CC(=O)NC(Cc1ccccc1)C(=O)NCCC(=O)N(c1ccccc1)C1CCN(CCc2ccccc2)CC1,Active
CCNC(=O)NCCC(=O)N(c1ccccc1)C1CCN(CCc2ccccc2)CC1,Active
O=C(CCNC(=O)C(F)(F)F)N(c1ccccc1)C1CCN(CCc2ccccc2)CC1,Inactive
CCC(=O)NCCC(=O)N(c1ccccc1)C1CCN(CCc2ccccc2)CC1,Active
CC(=O)NCCC(=O)N(c1ccccc1)C1CCN(CCc2ccccc2)CC1,Active
C[C@H]1CC=CC(=O)[C@@H]1C(=O)C[C@@H]1CCCN1CCCO,Inactive
C[C@H]1CC=CC(=O)[C@@H]1C(=O)C[C@H]1CCCN1CCCO,Inactive
Cc1cccc(O)c1C(=O)C1=CCCN2CCC[C@H]12,Active
Cc1cccc2c1C(=O)C1[C@H]3CCCN3CC[C@H]1O2,Inactive
Cc1cccc2c1C(=O)[C@H]1[C@H](CCN3CCC[C@H]13)O2,Inactive
Cc1cccc(O)c1C(=O)[C@@H]1[C@H]2CCCN2CC[C@@H]1O,Inactive
CCCCCC(=O)NCCCN1CCCC1CC(=O)c1c(C)cccc1O,Inactive
CCCCCC(=O)NCCCN1CCC[C@H]1CC(=O)O,Inactive
COc1ccc(C[C@H]2CN3C(=NC[C@@H]3C)N2CCCC2CCCCC2)cc1,Active
COc1ccc(C[C@@H]2CN3C(=NC[C@@H]3C)N2CCC2CC3CCC2C3)cc1,Active
C[C@H]1CN(CCO)CCN1c1cc2[nH]c(SC(C)(C)C)nc2cc1Cl,Active
Cc1c(C(=O)c2ccc(Cl)cc2)c2ccc(OC(F)(F)F)cc2n1Cc1cccc(O[C@H](C)C(=O)O)c1,Active
C[C@H]1CC=CC2=C1C(=O)[C@@H]1[C@@H](CCN3CCC[C@@H]13)O2,Active
COC(=O)C[C@@H]1C[C@H](C)CC(C2=CCCN3CCCC23)=N1,Inactive
C[C@H]1C[C@H](N)CC2=C1C(=O)[C@@H]1[C@@H](CCN3CCC[C@@H]13)O2,Active
C[C@H]1CC=CC(=O)[C@@H]1C(=O)C1=CCCN2CCC[C@@H]12,Active
C[C@H]1C[C@H](O)CC2=C1C(=O)[C@@H]1[C@@H](CCN3CCC[C@@H]13)O2,Inactive
COCCNC1c2ccccc2CCC1c1ccsc1,Active
COCCN[C@@H]1c2ccccc2CC[C@H]1c1ccsc1,Active
COCCN(C(=O)c1cc(C)nn1C)C1c2ccccc2CCC1c1ccsc1,Active
COCCN(C(=O)c1ccco1)C1c2ccccc2C=CC1N1CCN(c2ccccc2)CC1,Active
COCCN(C(=O)c1ccc(Cl)c(Cl)c1)C1c2ccccc2C=CC1N1CCN(c2ccccc2)CC1,Active
COCCN(C(=O)COCc1ccccc1)C1c2ccccc2C=CC1N1CCN(c2ccccc2)CC1,Active
COCCN(C(=O)Cc1cccc(OC)c1)C1c2ccccc2C=CC1N1CCN(c2ccccc2)CC1,Active
COCCN(C(=O)Cc1ccc(Cl)cc1)C1c2ccccc2C=CC1N1CCN(c2ccccc2)CC1,Active
COCCN(C(=O)c1sccc1Cl)C1c2ccccc2C=CC1N1CCN(c2ccccc2)CC1,Active
COCCN(C(=O)c1sccc1Cl)[C@@H]1c2ccccc2C=C[C@H]1N1CCN(c2ccccc2)CC1,Active
COCCN(C(=O)c1ccc(Cl)c(Cl)c1)C1c2cc(OC)c(OC)cc2CCC1N(C)C,Active
N[C@@H](Cc1ccc(O)cc1)C(=O)N[C@H](CCCN(N=C=S)N=C=S)C(=O)N[C@@H](Cc1ccccc1)C(=O)NCC(=O)N[C@@H](Cc1ccc(O)cc1)C(=O)N1CCC[C@H]1C(=O)N[C@@H](CO)C(=O)O,Active
N[C@@H](Cc1ccc(O)cc1)C(=O)N[C@H](CCCN(C(=O)CBr)C(=O)CBr)C(=O)N[C@@H](Cc1ccccc1)C(=O)NCC(=O)N[C@@H](Cc1ccc(O)cc1)C(=O)N1CCC[C@H]1C(=O)N[C@@H](CO)C(=O)O,Active
CC(=O)N(CCC[C@@H](NC(=O)[C@@H](N)Cc1ccc(O)cc1)C(=O)N[C@@H](Cc1ccccc1)C(=O)NCC(=O)N[C@@H](Cc1ccc(O)cc1)C(=O)N1CCC[C@H]1C(=O)N[C@@H](CO)C(=O)O)C(C)=O,Active
N[C@@H](Cc1ccc(O)cc1)C(=O)N[C@H](CCCCN(N=C=S)N=C=S)C(=O)N[C@@H](Cc1ccccc1)C(=O)NCC(=O)N[C@@H](Cc1ccc(O)cc1)C(=O)N1CCC[C@H]1C(=O)N[C@@H](CO)C(=O)O,Active
N[C@@H](Cc1ccc(O)cc1)C(=O)N[C@H](CCCCN(C(=O)CBr)C(=O)CBr)C(=O)N[C@@H](Cc1ccccc1)C(=O)NCC(=O)N[C@@H](Cc1ccc(O)cc1)C(=O)N1CCC[C@H]1C(=O)N[C@@H](CO)C(=O)O,Active
CC(=O)N(CCCC[C@@H](NC(=O)[C@@H](N)Cc1ccc(O)cc1)C(=O)N[C@@H](Cc1ccccc1)C(=O)NCC(=O)N[C@@H](Cc1ccc(O)cc1)C(=O)N1CCC[C@H]1C(=O)N[C@@H](CO)C(=O)O)C(C)=O,Active
COc1ccc(/C=C/C(=O)O[C@H]2C[C@]34CCN(C)[C@@]35C[C@H](O[C@]5(OC)[C@H]2OC)c2ccc(OC)c(O)c24)cc1O,Inactive
COc1ccc2c(c1O)[C@@]13CCN(C)[C@@]14C[C@@H]2O[C@]4(OC)[C@@H](O)[C@@H](OC(=O)/C=C/c1ccccc1)C3,Active
COc1ccc2c(c1O)[C@@]13CC(=O)N(C)[C@@]14C[C@@H]2O[C@]4(OC)[C@@H](OC)[C@@H](OC(=O)/C=C/c1ccccc1)C3,Active
COC1=C(OC)[C@]23CCc4ccc(OC)c(O)c4[C@]2(CCN3C)CC1=O,Inactive
COc1ccc2c(c1O)[C@@]13CCN(C)[C@@]14C[C@@H]2O[C@]4(O)[C@@H](OC)[C@@H](O)C3,Active
COC1=C(OC)[C@]23CCc4ccc(OC)c(O)c4[C@@]2(CC1=O)CC(=O)N3C,Inactive
COc1ccc2c(c1O)[C@@]13CCN(C)[C@@]14C[C@@H]2O[C@]4(OC)[C@@H](OC)[C@@H](O)C3,Active
COC1=CC[C@]23CCN(C)[C@@]24C[C@H](O[C@@]14O)c1ccc(OC)c(O)c13,Active
COC1=C2[C@@H]3Cc4ccc(OC)c(O)c4[C@]2(CCN3)C[C@H](O)[C@@H]1O,Inactive
CCCCC/C=C/c1c(O)cc(CC=C(C)C)c(O)c1CO,Active
COc1ccc(CCN2CCC(Nc3nc4ccccc4n3Cc3ccc(F)cc3)CC2)cc1,Inactive
CCCCc1oc2ccccc2c1C(=O)c1cc(I)c(OCCN(CC)CC)c(I)c1,Active
Clc1ccc(COC(Cn2ccnc2)c2ccc(Cl)cc2Cl)cc1,Active
CN(CCOc1ccc(C[C@H](Nc2ccccc2C(=O)c2ccccc2)C(=O)O)cc1)c1ccccn1,Active
OCCN1CCN(CCCN2c3ccccc3Sc3ccc(C(F)(F)F)cc32)CC1,Inactive
CC1(COc2ccc(CC3SC(=O)NC3=O)cc2)CCCCC1,Inactive
Clc1ccccc1C(c1ccccc1)(c1ccccc1)n1ccnc1,Active
CC/C(=C(/CC)c1ccc(O)cc1)c1ccc(O)cc1,Active
CN(C)CCCN1c2ccccc2Sc2ccc(Cl)cc21,Inactive
CC(=O)O[C@H]1C(=O)[C@@]2(C)[C@H]([C@H](OC(=O)c3ccccc3)[C@]3(O)C[C@H](OC(=O)[C@H](O)[C@@H](NC(=O)c4ccccc4)c4ccccc4)C(C)=C1C3(C)C)[C@]1(OC(C)=O)CO[C@@H]1C[C@@H]2O,Active
Clc1ccc(CO/N=C(\Cn2ccnc2)c2ccc(Cl)cc2Cl)c(Cl)c1,Active
Cc1c(O)cccc1C(=O)N[C@@H](CSc1ccccc1)[C@H](O)CN1C[C@H]2CCCC[C@H]2C[C@H]1C(=O)NC(C)(C)C,Inactive
C=CCN1CC[C@]23c4c5ccc(O)c4O[C@H]2/C(=N/N=C2\CC[C@@]4(O)[C@H]6Cc7ccc(O)c8c7[C@@]4(CCN6CC=C)[C@H]2O8)CC[C@@]3(O)[C@H]1C5,Active
Clc1ccc(COC(Cn2ccnc2)c2ccc(Cl)cc2Cl)c(Cl)c1,Active
CC(C)(O)c1ccccc1CC[C@@H](SCC1(CC(=O)O)CC1)c1cccc(/C=C/c2ccc3ccc(Cl)cc3n2)c1,Active
CC(=O)N1CCN(c2ccc(OCC3COC(Cn4ccnc4)(c4ccc(Cl)cc4Cl)O3)cc2)CC1,Inactive
CN(C)C(=O)C(CCN1CCC(O)(c2ccc(Cl)cc2)CC1)(c1ccccc1)c1ccccc1,Active
CC/C(=C(\c1ccccc1)c1ccc(OCCN(C)C)cc1)c1ccccc1,Inactive
CC(C)(C)NC(=O)[C@@H]1C[C@@H]2CCCC[C@@H]2CN1C[C@@H](O)[C@H](Cc1ccccc1)NC(=O)[C@H](CC(N)=O)NC(=O)c1ccc2ccccc2n1,Inactive
O=C(c1ccc(OCCN2CCCCC2)cc1)c1c(-c2ccc(O)cc2)sc2cc(O)ccc12,Active
CCN(C)C(=O)c1ccc([C@H](c2ccccn2)N2CCN(Cc3ccccn3)CC2)cc1,Active
CCN(C)C(=O)c1ccc([C@H](c2cccnc2)N2CCN(Cc3ccccn3)CC2)cc1,Active
CCN(C)C(=O)c1ccc([C@H](c2cccnc2)N2CCN(Cc3cscn3)CC2)cc1,Active
CCOC(=O)Nc1cccc([C@@H](c2ccc(C(=O)N3CCC3)cc2)N2CCN(Cc3cccnc3)CC2)c1,Active
CCN(C)C(=O)c1ccc([C@H](c2cccc(NC(=O)OC)c2)N2CCN(Cc3cscn3)CC2)cc1,Active
CCOC(=O)Nc1cccc([C@@H](c2ccc(C(=O)N(C)CC)cc2)N2CCN(Cc3c[nH]c(C)n3)CC2)c1,Active
CCOC(=O)Nc1cccc([C@@H](c2ccc(C(=O)N(C)CC)cc2)N2CCN(Cc3nc[nH]c3C)CC2)c1,Active
CCOC(=O)Nc1ccccc1[C@@H](c1ccc(C(=O)N(CC)CC)cc1)N1CCN(Cc2ccccn2)CC1,Active
CCOC(=O)Nc1ccc([C@@H](c2ccc(C(=O)N(CC)CC)cc2)N2CCN(Cc3cscn3)CC2)cc1,Active
CCOC(=O)Nc1cccc([C@@H](c2ccc(C(=O)N(CC)CC)cc2)N2CCN(Cc3cscn3)CC2)c1,Active
CCOC(=O)Nc1ccccc1[C@@H](c1ccc(C(=O)N(CC)CC)cc1)N1CCN(Cc2cscn2)CC1,Active
CCN(CC)C(=O)c1ccc([C@H](c2cccc(NC(=O)OC)c2)N2CCN(Cc3cccnc3)CC2)cc1,Active
CCN(CC)C(=O)c1ccc([C@H](c2cccc(NC(=O)OC)c2)N2CCN(Cc3cncs3)CC2)cc1,Active
CCN(C)C(=O)c1ccc([C@H](c2cccc(NC(=O)C3CCC3)c2)N2CCN(Cc3cccnc3)CC2)cc1,Active
CCN(C)C(=O)c1ccc([C@H](c2cccc(NC(=O)C3CC3)c2)N2CCN(CCCOC)CC2)cc1,Active
CCN(CC)C(=O)c1ccc([C@H](c2cccc(NC(=O)C3CC3)c2)N2CCN(CCOC)CC2)cc1,Active
CCN(CC)C(=O)c1ccc([C@H](c2cccc(NC(=O)C3CC3)c2)N2CCN(Cc3ccccn3)CC2)cc1,Active
O=C(Nc1cccc([C@@H](c2ccc(C(=O)N3CCC3)cc2)N2CCN(Cc3ccc(F)cc3)CC2)c1)C1CC1,Active
CN(CCO)C(=O)c1ccc([C@H](c2cccc(NC(=O)C3CC3)c2)N2CCN(Cc3ccc(F)cc3)CC2)cc1,Active
CCN(CC)C(=O)c1ccc([C@H](c2cccc(NC(=O)C3CC3)c2)N2CCN(Cc3ccc(F)cc3)CC2)cc1,Active
CCN(CC)C(=O)c1ccc(C(=C2CCN(Cc3ccc(F)cc3)CC2)c2cccc(F)c2)cc1,Active
CCN(CC)C(=O)c1ccc(C(=C2CCN(Cc3ccc(F)cc3)CC2)c2ccccn2)cc1,Active
CCN(CC)C(=O)c1ccc(C(=C2CCN(Cc3ccc(F)cc3)CC2)c2cccnc2)cc1,Active
CCN(CC)C(=O)c1ccc(C(=C2CCN(Cc3ccc(F)cc3)CC2)c2ccncc2)cc1,Active
CCN(CC)C(=O)c1ccc(C(=C2CCN(Cc3ccc(F)cc3)CC2)c2cccc3cccnc23)cc1,Active
CCN(C)C(=O)c1ccc(C(=C2CCN(Cc3ccc(F)cc3)CC2)c2ccccc2NC(C)=O)cc1,Active
CCN(CC)C(=O)c1ccc(C(=C2CCN(Cc3ccc(F)cc3)CC2)c2cccc(NC(C)=O)c2)cc1,Active
CCN(CC)C(=O)c1ccc(C(=C2CCN(Cc3ccc(F)cc3)CC2)c2ccc(NC(C)=O)cc2)cc1,Active
CCN(CC)C(=O)c1ccc(C(=C2CCN(Cc3ccc(F)cc3)CC2)c2ccccc2NC(=O)OC)cc1,Active
CCN(CC)C(=O)c1ccc(C(=C2CCN(Cc3ccc(F)cc3)CC2)c2cccc(NC(=O)OC)c2)cc1,Active
CCN(CC)C(=O)c1ccc(C(=C2CCN(Cc3ccc(F)cc3)CC2)c2ccc(NC(=O)OC)cc2)cc1,Active
CCN(CC)C(=O)c1ccc(C(=C2CCN(Cc3cscn3)CC2)c2cccc3cccnc23)cc1,Active
O=C(c1ccc(C(=C2CCN(Cc3cscn3)CC2)c2cccc3cccnc23)cc1)N1CCCC1,Active
CCN(C)C(=O)c1ccc(C(=C2CCN(Cc3cscn3)CC2)c2cccc3cccnc23)cc1,Active
O=C(c1ccc(C(=C2CCN(Cc3cscn3)CC2)c2cccc3cccnc23)cc1)N1CCC1,Active
CN(C)C(=O)c1ccc(C(=C2CCN(Cc3cscn3)CC2)c2cccc3cccnc23)cc1,Active
O=C(c1ccc(C(=C2CCN(Cc3cscn3)CC2)c2cccc3cccnc23)cc1)N1CCOCC1,Active
CN1CCN(C(=O)c2ccc(C(=C3CCN(Cc4cscn4)CC3)c3cccc4cccnc34)cc2)CC1,Active
O=C(c1ccc(C(=C2CCN(Cc3cscn3)CC2)c2cccc3cccnc23)cc1)N1CCC(O)CC1,Active
CN(CCO)C(=O)c1ccc(C(=C2CCN(Cc3cscn3)CC2)c2cccc3cccnc23)cc1,Active
CCN(CC)C(=O)c1ccc(C(=C2CCNCC2)c2ccccn2)cc1,Active
CCN(CC)C(=O)c1ccc(C(=C2CCN(Cc3cscn3)CC2)c2ccccn2)cc1,Active
CN(C)C(=O)c1ccc(C(=C2CCN(Cc3cscn3)CC2)c2ccccn2)cc1,Active
COc1cc(O)c2c(c1)CC(=O)CCCC(=O)CCC[C@@H](C)OC2=O,Inactive
CC1(C)SSC(C)(C)[C@H](NC(=O)[C@@H](N)Cc2ccc(O)cc2)C(=O)NCC(=O)N[C@H](Cc2ccccc2)C(=O)N[C@@H]1C(=O)O,Active
C[C@H](NC(=O)[C@@H](N)Cc1ccc(O)cc1)C(=O)N[C@@H](Cc1ccccc1)C(=O)NCC(=O)N[C@@H](Cc1ccc(O)cc1)C(=O)N1CCC[C@H]1C(=O)N[C@@H](CO)C(N)=O,Active
Cc1cc(O)cc(C)c1C[C@H](N)C(=O)N1Cc2ccccc2C[C@@H]1C(=O)NCC(=O)N(c1ccccc1)c1ccccc1,Active
Cc1cc(O)cc(C)c1C[C@H](N)C(=O)N1Cc2ccccc2C[C@@H]1C(=O)NCC(=O)N1CCc2ccccc2C1,Active
C=CCN1C[C@H](C)N([C@@H](c2cccc(O)c2)c2cccc(C(=O)N(C)c3cccc(F)c3)c2)C[C@H]1C,Active
COCCOCCOCCOCCOCCOCCOCCOCCOCCO[C@H]1CC[C@@]2(O)[C@H]3Cc4ccc(O)c5c4[C@@]2(CCN3CC2CCC2)C1O5,Active
CC(C)(C)NS(=O)(=O)c1ccc(-c2sc(C(=O)N[C@H]3C[C@H](C(=O)O)C3)nc2CC2CCCCC2)c2ccccc12,Active
CC(C)C[C@H](NC(=O)C1CCCN1C(=O)[C@@H](N)Cc1ccc(O)cc1)C(=O)N[C@@H](CC(=O)O)C(=O)N[C@@H](CC(C)C)C(=O)N[C@@H](Cc1ccccc1)C(=O)O,Inactive
CC(C)C[C@H](NC(=O)[C@H](CC(=O)O)NC(=O)[C@H](CC(C)C)NC(=O)C1CCCN1C(=O)[C@@H](N)Cc1ccc(O)cc1)C(=O)O,Inactive
Cc1cnc(N2CC[C@H](NC3CCCCC3)[C@@H](O)C2)c(-c2nc(C)no2)c1,Active
CCc1cc(F)c2nc(N3CCC(N[C@@H]4CCCOC4)CC3)c(-c3nc(C)no3)c(C)c2c1,Active
Cc1ccc2nc(N3CCC(NC4CCOCC4)CC3)c(-c3nc(C)no3)cc2c1,Active
CCc1cc(F)c2nc(N3CCC(NC4CCOCC4)CC3)c(-c3nc(C)no3)c(C)c2c1,Active
COC(=O)c1cc(Br)cnc1N1CC[C@@H](NC2CCCCC2)[C@H](O)C1,Active
O=C1N[C@@H](Cc2ccccc2)C(=O)N2CCC[C@@H]2C(=O)N[C@@H](Cc2ccccc2)C(=O)N[C@H]1Cc1c[nH]c2ccccc12,Active
CC[C@@H]1CN2CC[C@]3(O)c4c(cccc4OC)NC3[C@@H]2C[C@@H]1/C(=C\OC)C(=O)OC,Active
C[C@@H](NC(=O)[C@@H](N)Cc1ccc(O)cc1)C(=O)N[C@@H](Cc1ccccc1)C(=O)NCC(N)=O,Active
COc1ccc(F)cc1-c1ccnc2[nH]c(C3=CC4CCC(C3)N4CC(=O)N(C)CCO)cc12,Active
Oc1ccc2c3c1O[C@H]1c4[nH]c5ccccc5c4C[C@@]4(O)[C@H](C2)N(CC2CC2)CC[C@]314,Active
