canonical_smiles,molecule_chembl_id,pchembl_value,standard_units,standard_value,units,value,Potency
CCN(CC)C(=O)c1ccc(C(=C2CCNCC2)c2cccc(OC)c2)cc1,CHEMBL423694,8.81,nM,1.56,nM,1.56,Active
CCN(CC)C(=O)c1ccc(C(=C2CCNCC2)c2ccccc2OC)cc1,CHEMBL278078,9.01,nM,0.97,nM,0.97,Active
CCN(CC)C(=O)c1ccc(C(c2ccccc2)C2CCNCC2)cc1,CHEMBL126382,8.06,nM,8.77,nM,8.77,Active
C=CCN1C[C@H](C)N([C@H](c2ccc(C(=O)N(CC)CC)cc2)c2cccc(OC)c2)C[C@H]1C,CHEMBL13470,8.88,nM,1.31,nM,1.31,Active
CCCCN1CCC(=C(c2ccccc2)c2ccc(C(=O)N(CC)CC)cc2)CC1,CHEMBL127802,8.19,nM,6.53,nM,6.53,Active
CCN(CC)C(=O)c1ccc(C(=C2CCNCC2)c2ccc(F)cc2)cc1,CHEMBL126946,7.82,nM,15.0,nM,15.0,Active
CCN(CC)C(=O)c1ccc(C(c2ccccc2)N2CCNCC2)cc1,CHEMBL338980,7.95,nM,11.3,nM,11.3,Active
CCN(CC)C(=O)c1ccc(C(=C2CCNCC2)c2ccccc2)cc1,CHEMBL415521,9.06,nM,0.87,nM,0.87,Active
CCN(CC)C(=O)c1ccc(C(=C2CCNCC2)c2c(C)cccc2C)cc1,CHEMBL126884,6.73,nM,187.0,nM,187.0,Active
CCN(CC)C(=O)c1ccc(C(=C2CCN(c3ccccc3)CC2)c2ccccc2)cc1,CHEMBL338089,6.13,nM,736.0,nM,736.0,Active
C=CCN1CCC(=C(c2ccccc2)c2ccc(C(=O)N(CC)CC)cc2)CC1,CHEMBL126255,8.52,nM,3.0,nM,3.0,Active
CCN(CC)C(=O)c1ccc(C(=C2CCNCC2)c2ccc(Cl)c(Cl)c2)cc1,CHEMBL126857,8.64,nM,2.31,nM,2.31,Active
CCN(CC)C(=O)c1ccc(C(=C2CCN(C)CC2)c2ccccc2)cc1,CHEMBL126842,7.57,nM,27.0,nM,27.0,Active
CCN(CC)C(=O)c1ccc(C(=C2CCNCC2)c2cccc(F)c2)cc1,CHEMBL339457,9.13,nM,0.74,nM,0.74,Active
CCN(CC)C(=O)c1ccc(C(=C2CCNCC2)c2cccs2)cc1,CHEMBL129315,8.54,nM,2.85,nM,2.85,Active
CCN(CC)C(=O)c1ccc(C(=C2CCNCC2)c2cccc([N+](=O)[O-])c2)cc1,CHEMBL340131,8.96,nM,1.1,nM,1.1,Active
CCN(CC)C(=O)c1ccc(C(=C2CCN(CC3CC3)CC2)c2ccccc2)cc1,CHEMBL127788,8.03,nM,9.35,nM,9.35,Active
CCN(CC)C(=O)c1ccc(C(=C2CCNCC2)c2ccc(SC)cc2)cc1,CHEMBL129693,8.68,nM,2.09,nM,2.09,Active
CCN(CC)C(=O)c1ccc(C(=C2CCNCC2)c2cccc3ccccc23)cc1,CHEMBL129034,8.91,nM,1.23,nM,1.23,Active
CCN(CC)C(=O)c1ccc(C(=C2CCNCC2)c2cccc(N)c2)cc1,CHEMBL127495,8.59,nM,2.57,nM,2.57,Active
CCN(CC)C(=O)c1ccc(C(=C2CCN(C3CCCCC3)CC2)c2ccccc2)cc1,CHEMBL340476,7.45,nM,35.5,nM,35.5,Active
CCN(CC)C(=O)c1ccc(C(=C2CCN(CC=C(C)C)CC2)c2ccccc2)cc1,CHEMBL126141,8.68,nM,2.09,nM,2.09,Active
CCN(CC)C(=O)c1ccc(C(=C2CCNCC2)c2ccccc2F)cc1,CHEMBL126370,8.98,nM,1.04,nM,1.04,Active
CCN(CC)C(=O)c1ccc(C(=C2CCNCC2)c2ccc(OC)cc2)cc1,CHEMBL339922,8.69,nM,2.04,nM,2.04,Active
CCN(CC)C(=O)c1ccc(C(=C2CCNCC2)c2cccc(C(F)(F)F)c2)cc1,CHEMBL339898,9.20,nM,0.63,nM,0.63,Active
CCN(CC)C(=O)c1ccc(C(=C2CCNCC2)c2cccc(C(C)=O)c2)cc1,CHEMBL129300,9.07,nM,0.86,nM,0.86,Active
CCN(CC)C(=O)c1ccc(C(=C2CCNCC2)c2ccc(Cl)cc2)cc1,CHEMBL127007,8.38,nM,4.17,nM,4.17,Active
CC(C)C[C@H](NC(=O)[C@H](Cc1ccccc1)NC(=O)CNC(=O)[C@H](NC(=O)[C@@H](N)Cc1ccc(O)cc1)[C@@H](C)O)C(=O)N[C@@H](CO[C@H]1O[C@@H](CO)[C@H](O)[C@@H](O)[C@H]1O)C(N)=O,CHEMBL1790709,8.47,nM,3.4,nM,3.4,Active
CC(C)C[C@H](NC(=O)[C@H](Cc1ccccc1)NC(=O)CNC(=O)[C@H](NC(=O)[C@@H](N)Cc1ccc(O)cc1)[C@@H](C)O)C(=O)N[C@@H](CO)C(N)=O,CHEMBL1790710,8.62,nM,2.4,nM,2.4,Active
C=CCN1CC[C@]23c4c5ccc(O)c4O[C@H]2C(=O)CC[C@@]3(O)[C@H]1C5,CHEMBL80,6.82,nM,151.0,nM,151.0,Active
CC(C)(C)c1ccc(C(c2cccc(O)c2)N2CCN(Cc3ccccc3)CC2)cc1,CHEMBL143592,8.26,nM,5.51,nM,5.51,Active
CC1(C)SSC(C)(C)[C@@H](NC(=O)[C@@H](N)Cc2ccc(O)cc2)C(=O)NCC(=O)N[C@@H](Cc2ccc(Cl)cc2)C(=O)N[C@H]1C(=O)O,CHEMBL143939,8.81,nM,1.53,nM,1.53,Active
O=[N+]([O-])c1cc2c(cc1CN1CCC(n3c(O)nc4ccccc43)CC1)OCO2,CHEMBL324297,6.58,nM,264.0,nM,264.0,Active
O=[N+]([O-])c1cc2c(cc1CN1CC=C(n3c(O)nc4ccccc43)CC1)OCO2,CHEMBL115229,5.98,nM,1040.0,nM,1040.0,Active
O=C(OCc1cc2c(cc1Cl)OCO2)N1CCC(n2c(O)nc3ccccc32)CC1,CHEMBL115444,5.60,nM,2530.0,nM,2530.0,Active
Cc1ccc2nc(O)n(C3CCN(Cc4cc5c(cc4Cl)OCO5)CC3)c2c1,CHEMBL420863,6.93,nM,117.0,nM,117.0,Active
Oc1nc2ccccc2n1CCCNCc1cc2c(cc1Cl)OCO2,CHEMBL114280,5.48,nM,3330.0,nM,3330.0,Active
CN1CC[C@]23c4c5ccc(O)c4O[C@H]2[C@@H](O)C=C[C@H]3[C@H]1C5.CN1CC[C@]23c4c5ccc(O)c4O[C@H]2[C@@H](O)C=C[C@H]3[C@H]1C5.O=S(=O)(O)O,CHEMBL2096625,6.62,nM,242.0,nM,242.0,Active
CCC(=O)N(c1ccccc1)C1CCN(CCc2ccccc2)CC1,CHEMBL596,6.37,nM,431.0,nM,431.0,Active
Cc1ncc([N+](=O)[O-])n1CCNC(=O)N1CCC(c2cc(-c3ccc(Cl)cc3Cl)[nH]n2)CC1,CHEMBL419214,5.15,nM,7130.0,nM,7130.0,Active
CNC(=O)CN1CN(c2ccccc2)C2(CCN(Cc3cc4c(cc3Cl)OCO4)CC2)C1=O,CHEMBL115222,7.94,nM,11.4,nM,11.4,Active
O=C1NCN(c2ccccc2)C12CCN(Cc1ccc3nsnc3c1)CC2,CHEMBL325750,5.38,nM,4120.0,nM,4120.0,Active
CO[C@@]12CC[C@@]3(C[C@@H]1[C@](C)(O)C(C)(C)C)[C@H]1Cc4ccc(O)c5c4[C@@]3(CCN1CC1CC1)[C@H]2O5.Cl,CHEMBL2368861,9.05,nM,0.9,nM,0.9,Active
Oc1nc2ccccc2n1C1CCN(Cc2cc3c(cc2Cl)OCO3)CC1,CHEMBL114379,7.43,nM,37.4,nM,37.4,Active
CCC(=O)C(CC(C)N(C)C)(c1ccccc1)c1ccccc1,CHEMBL651,5.96,nM,1090.0,nM,1090.0,Active
COc1ccc(CN2CCC(n3c(O)nc4ccccc43)CC2)c(Cl)c1,CHEMBL112191,5.85,nM,1410.0,nM,1410.0,Active
Oc1ccc2c3c1O[C@H]1[C@@H](O)CC[C@@]4(O)[C@@H](C2)N(CC2CCC2)CC[C@]314,CHEMBL895,6.45,nM,353.0,nM,353.0,Active
Cc1ccc2nc(O)n(C3CCN(C(=O)OCc4cc5c(cc4Cl)OCO5)CC3)c2c1,CHEMBL326320,5.25,nM,5640.0,nM,5640.0,Active
O=C1NCN(c2ccccc2)C12CCN(Cc1ccc3c(c1)OCO3)CC2,CHEMBL326962,5.92,nM,1190.0,nM,1190.0,Active
CN(C)C(=O)C(CCN1CCC(O)(c2ccc(Cl)cc2)CC1)(c1ccccc1)c1ccccc1.Cl,CHEMBL1707,6.91,nM,123.0,nM,123.0,Active
O=C1NCN(c2ccccc2)C12CCN(Cc1cccc(Oc3ccccc3)c1)CC2,CHEMBL115280,5.74,nM,1840.0,nM,1840.0,Active
O=C1CNc2ccccc2N1C1CCN(Cc2cc3c(cc2Cl)OCO3)CC1,CHEMBL325842,6.21,nM,620.0,nM,620.0,Active
O=C1NCN(c2ccccc2)C12CCN(Cc1cc3c(cc1Cl)OCO3)CC2,CHEMBL115652,6.86,nM,138.0,nM,138.0,Active
CNC(=O)CN1CN(c2ccccc2)C2(CCN(C(=O)OCc3cc4c(cc3Cl)OCO4)CC2)C1=O,CHEMBL114825,5.75,nM,1765.0,nM,1765.0,Active
COc1ccc2c(c1OC)[C@]13CC[N+](C)(C)[C@H](C2)[C@]12C=C[C@]1(OC)[C@H]3N=C(c3ccccc3)[C@]1(C)C2.[I-],CHEMBL3037845,7.47,nM,34.0,nM,34.0,Active
CN(C(=O)Cc1ccccc1)[C@H]1CC[C@@]2(CCCO2)C[C@@H]1N1CCCC1,CHEMBL440765,5.23,nM,5844.0,nM,5844.0,Active
CO[C@@]12C=C[C@]34C[C@]1(C)[C@@H](c1ccccc1)N[C@H]2[C@@]31CCN(C)[C@@H]4Cc2ccc(O)cc21,CHEMBL4649916,9.49,nM,0.32,nM,0.32,Active
CO[C@]12C=C[C@]34C[C@@]1(C)[C@H](c1ccccc1)N(C)[C@H]2C31CCN(C)C4Cc2ccc(O)cc21,CHEMBL318636,9.15,nM,0.71,nM,0.71,Active
CCC(=O)N(c1ccccc1)C1(C(=O)OC)CCN(CCn2cccn2)CC1,CHEMBL169366,6.09,nM,809.0,nM,809.0,Active
COC12C=CC34C[C@@]1(C)C(c1ccccc1)=N[C@H]2C31CCN(C)C4Cc2ccc(O)cc21,CHEMBL102092,9.16,nM,0.69,nM,0.69,Active
COc1ccc(Cl)cc1-c1cccn(C(CN2CCCC2)c2ccccc2)c1=O,CHEMBL293143,5.38,nM,4170.0,nM,4170.0,Active
CCC(=O)N(c1ccccc1)C1(COC)CCN(CCn2cccn2)CC1,CHEMBL168723,5.77,nM,1701.0,nM,1701.0,Active
COc1ccc2c(c1O)C13CCN(C)C(C2)C12C=CC1(OC)[C@H]3N=C(c3ccccc3)[C@]1(C)C2,CHEMBL410909,8.61,nM,2.44,nM,2.44,Active
Cc1cccc(-c2cccn(C(CN3CCCC3)c3ccccc3)c2=O)c1,CHEMBL302684,6.19,nM,639.0,nM,639.0,Active
COc1ccc(-c2cccn(C(CN3CCCC3)c3ccccc3)c2=O)cc1,CHEMBL305552,5.28,nM,5214.0,nM,5214.0,Active
CC(c1ccccc1Cl)N1CCC(n2c(O)nc3ccccc32)CC1,CHEMBL146054,5.72,nM,1900.0,nM,1900.0,Active
CCOc1ccc(C2=N[C@H]3C45CCN(C)C(Cc6ccc(OC)c(O)c64)[C@]54C=C[C@@]3(OC)[C@@]2(C)C4)cc1,CHEMBL353736,7.93,nM,11.62,nM,11.62,Active
COc1ccc(F)cc1-c1cccn(C(CN2CCCC2)c2ccccc2)c1=O,CHEMBL64284,5.36,nM,4350.0,nM,4350.0,Active
CC[C@H](C)[C@H](NC(=O)[C@H](CCCCN)NC(=O)[C@H](CCCN=C(N)N)NC(=O)[C@H](CC(C)C)NC(=O)[C@H](Cc1ccccc1)NC(=O)[C@@H](CC(=O)O)NC(=O)CNC(=O)[C@@H](N)Cc1ccc(O)cc1)C(=O)N[C@@H](CCCN=C(N)N)C(=O)N1CCC[C@@H]1C(=O)N[C@H](CCCCN)C(N)=O,CHEMBL277132,6.06,nM,870.0,nM,870.0,Active
CC[C@H](C)[C@H](NC(=O)[C@H](CCCN=C(N)N)NC(=O)[C@H](CCCN=C(N)N)NC(=O)[C@H](CC(C)C)NC(=O)[C@H](Cc1ccccc1)NC(=O)CNC(=O)CNC(=O)[C@@H](N)Cc1ccc(O)cc1)C(=O)N[C@@H](CCCN=C(N)N)C(=O)N1CCC[C@H]1C(=O)N[C@@H](CCCCN)C(N)=O,CHEMBL216640,7.58,nM,26.0,nM,26.0,Active
CC[C@H](C)[C@H](NC(=O)[C@H]1CCCCNC(=O)C[C@@H](NC(=O)CNC(=O)[C@@H](N)Cc2ccc(O)cc2)C(=O)N[C@H](Cc2ccccc2)C(=O)N[C@@H](CC(C)C)C(=O)N[C@H](CCCN=C(N)N)C(=O)N1)C(=O)N[C@@H](CCCN=C(N)N)C(=O)N1CCC[C@@H]1C(=O)N[C@H](CCCCN)C(N)=O,CHEMBL386170,5.77,nM,1710.0,nM,1710.0,Active
CC[C@H](C)[C@H](NC(=O)[C@H]1CCCCNC(=O)C[C@H](NC(=O)CNC(=O)[C@@H](N)Cc2ccc(O)cc2)C(=O)N[C@H](Cc2ccccc2)C(=O)N[C@@H](CC(C)C)C(=O)N[C@H](CCCN=C(N)N)C(=O)N1)C(=O)N[C@@H](CCCN=C(N)N)C(=O)N1CCC[C@@H]1C(=O)N[C@H](CCCCN)C(N)=O,CHEMBL216182,6.89,nM,130.0,nM,130.0,Active
CC[C@@H](C)[C@H]1NC(=O)[C@H](CCCN=C(N)N)NC(=O)[C@@H](CCCN=C(N)N)NC(=O)[C@H](NC(=O)[C@@H](Cc2ccccc2)NC(=O)CNC(=O)CNC(=O)[C@H](N)Cc2ccc(O)cc2)CCCCNC(=O)C[C@H](C(=O)N2CCC[C@H]2C(=O)N[C@H](CCCCN)C(N)=O)NC1=O,CHEMBL412600,6.82,nM,150.0,nM,150.0,Active
CC[C@H](C)[C@H](NC(=O)[C@H](CCCCN)NC(=O)[C@H](CCCN=C(N)N)NC(=O)[C@H](CC(C)C)NC(=O)[C@H](Cc1ccccc1)NC(=O)[C@H](CC(=O)O)NC(=O)CNC(=O)[C@@H](N)Cc1ccc(O)cc1)C(=O)N[C@@H](CCCN=C(N)N)C(=O)N1CCC[C@@H]1C(=O)N[C@H](CCCCN)C(N)=O,CHEMBL387437,5.75,nM,1800.0,nM,1800.0,Active
CC[C@H](C)[C@H](NC(=O)[C@H](CCCN=C(N)N)NC(=O)[C@H](CCCN=C(N)N)NC(=O)[C@H](CCCCN)NC(=O)[C@H](Cc1ccccc1)NC(=O)CNC(=O)CNC(=O)[C@@H](N)Cc1ccc(O)cc1)C(=O)N[C@H](CC(=O)O)C(=O)N1CCC[C@@H]1C(=O)N[C@H](CCCCN)C(N)=O,CHEMBL412580,5.71,nM,1970.0,nM,1970.0,Active
CC[C@H](C)[C@H](NC(=O)[C@H](CCCN=C(N)N)NC(=O)[C@H](CCCCN)NC(=O)[C@H](CC(C)C)NC(=O)[C@H](Cc1ccccc1)NC(=O)CNC(=O)[C@@H](CC(=O)O)NC(=O)[C@@H](N)Cc1ccc(O)cc1)C(=O)N[C@@H](CCCN=C(N)N)C(=O)N1CCC[C@@H]1C(=O)N[C@H](CCCCN)C(N)=O,CHEMBL264733,6.25,nM,560.0,nM,560.0,Active
CC[C@H](C)[C@H](NC(=O)[C@H](CCCN=C(N)N)NC(=O)[C@H](CCCCN)NC(=O)[C@H](CC(C)C)NC(=O)[C@H](Cc1ccccc1)NC(=O)CNC(=O)[C@H](CC(=O)O)NC(=O)[C@@H](N)Cc1ccc(O)cc1)C(=O)N[C@@H](CCCN=C(N)N)C(=O)N1CCC[C@@H]1C(=O)N[C@H](CCCCN)C(N)=O,CHEMBL217049,8.94,nM,1.15,nM,1.15,Active
CC[C@H](C)[C@H](NC(=O)[C@H](CCCN=C(N)N)NC(=O)[C@@H]1CCCCNC(=O)C[C@H](NC(=O)[C@@H](N)Cc2ccc(O)cc2)C(=O)NCC(=O)N[C@H](Cc2ccccc2)C(=O)N[C@@H](CC(C)C)C(=O)N1)C(=O)N[C@@H](CCCN=C(N)N)C(=O)N1CCC[C@@H]1C(=O)N[C@H](CCCCN)C(N)=O,CHEMBL413011,7.92,nM,12.0,nM,12.0,Active
CC[C@@H](C)[C@H]1NC(=O)[C@H](CCCN=C(N)N)NC(=O)[C@@H](CCCN=C(N)N)NC(=O)[C@H](NC(=O)[C@@H](Cc2ccccc2)NC(=O)CNC(=O)CNC(=O)[C@H](N)Cc2ccc(O)cc2)CCCCNC(=O)C[C@@H](C(=O)N2CCC[C@H]2C(=O)N[C@H](CCCCN)C(N)=O)NC1=O,CHEMBL387083,7.30,nM,50.0,nM,50.0,Active
CC[C@H](C)[C@H](NC(=O)[C@H](CCCN=C(N)N)NC(=O)[C@H](CCCN=C(N)N)NC(=O)[C@H](CCCCN)NC(=O)[C@H](Cc1ccccc1)NC(=O)CNC(=O)CNC(=O)[C@@H](N)Cc1ccc(O)cc1)C(=O)N[C@@H](CC(=O)O)C(=O)N1CCC[C@@H]1C(=O)N[C@H](CCCCN)C(N)=O,CHEMBL384485,5.48,nM,3290.0,nM,3290.0,Active
CC[C@H](C)[C@H](NC(=O)[C@H](CCCN=C(N)N)NC(=O)[C@@H]1CCCCNC(=O)C[C@@H](NC(=O)[C@@H](N)Cc2ccc(O)cc2)C(=O)NCC(=O)N[C@H](Cc2ccccc2)C(=O)N[C@@H](CC(C)C)C(=O)N1)C(=O)N[C@@H](CCCN=C(N)N)C(=O)N1CCC[C@@H]1C(=O)N[C@H](CCCCN)C(N)=O,CHEMBL415339,6.04,nM,910.0,nM,910.0,Active
C=C(Cl)C(=O)N[C@@H]1CCC2C3Cc4ccc(O)c5c4C2(CCN3C)[C@H]1O5,CHEMBL41366,7.35,nM,45.0,nM,45.0,Active
CC(C)C[C@H](NC(=O)[C@H](Cc1ccccc1)NC(=O)CNC(=O)[C@@H](CO)NC(=O)[C@@H](N)Cc1ccc(O)cc1)C(=O)N[C@H](C(=O)O)[C@@H](C)O,CHEMBL124283,8.89,nM,1.3,nM,1.3,Active
C=C(Cl)C(=O)N[C@@H]1CCC2C3Cc4ccc(O)c5c4C2(CCN3CC2CC2)[C@H]1O5,CHEMBL289426,9.28,nM,0.53,nM,0.53,Active
CN(C(=O)Cc1ccc(Cl)c(Cl)c1)[C@H](CN1CCCC1)c1ccccc1,CHEMBL38576,6.22,nM,600.0,nM,600.0,Active
CN(C(=O)Cc1ccccc1N=C=S)[C@H](CN1CCCC1)c1ccccc1,CHEMBL97392,5.97,nM,1060.0,nM,1060.0,Active
CN(C(=O)Cc1cc(Cl)c(Cl)cc1N=C=S)[C@H](CN1CCCC1)c1ccccc1,CHEMBL95001,5.77,nM,1700.0,nM,1700.0,Active
CN(C(=O)Cc1ccc(N=C=S)cc1)[C@H](CN1CCCC1)c1ccccc1,CHEMBL95726,6.82,nM,150.0,nM,150.0,Active
C=C(Cl)C(=O)N[C@@]12CCC(=O)[C@@H]3Oc4c(O)ccc5c4C31CCN(C)C2C5,CHEMBL290616,6.75,nM,178.0,nM,178.0,Active
CC1(C)SSC(C)(C)[C@@H](NC(=O)[C@@H](N)Cc2ccc(O)cc2)C(=O)NCC(=O)N[C@@H](Cc2ccccc2)C(=O)N[C@H]1C(=O)O,CHEMBL31421,8.74,nM,1.8,nM,1.8,Active
C=C(Cl)C(=O)N[C@@]12CCC(=O)[C@@H]3Oc4c(O)ccc5c4C31CCN(CC1CC1)C2C5,CHEMBL288178,6.75,nM,177.0,nM,177.0,Active
CN(C(=O)Cc1cccc(N=C=S)c1)[C@H](CN1CCCC1)c1ccccc1,CHEMBL97246,6.84,nM,144.0,nM,144.0,Active
CCCC[C@@H](C(=O)N[C@@H](CC(=O)O)C(=O)N[C@@H](Cc1ccccc1)C(N)=O)N(C)C(=O)[C@H](NC(=O)CNC(=O)[C@@H](Cc1ccccc1)NC(=O)[C@H](Cc1ccc(O)cc1)NC(=O)[C@@H](N)CC(=O)O)[C@H](C)c1c[nH]c2ccccc12,CHEMBL2111881,6.09,nM,820.0,nM,820.0,Active
CCCC[C@@H](C(=O)N[C@@H](CC(=O)O)C(=O)N[C@@H](Cc1ccccc1)C(N)=O)N(C)C(=O)[C@H](NC(=O)CNC(=O)[C@@H](Cc1ccccc1)NC(=O)[C@H](Cc1ccc(O)cc1)NC(=O)[C@@H](N)CC(=O)O)[C@@H](C)c1c[nH]c2ccccc12,CHEMBL2111882,5.98,nM,1050.0,nM,1050.0,Active
CCCC[C@@H](C(=O)N[C@@H](CC(=O)O)C(=O)N[C@@H](Cc1ccccc1)C(N)=O)N(C)C(=O)[C@H](Cc1c[nH]c2ccccc12)NC(=O)CNC(=O)[C@@H](Cc1ccccc1)NC(=O)[C@H](Cc1ccc(O)cc1)NC(=O)[C@@H](N)CC(=O)O,CHEMBL407057,7.54,nM,29.0,nM,29.0,Active
CCCC[C@@H](C(=O)N[C@@H](CC(=O)O)C(=O)N[C@@H](Cc1ccccc1)C(N)=O)N(C)C(=O)[C@@H](NC(=O)CNC(=O)[C@@H](Cc1ccccc1)NC(=O)[C@H](Cc1ccc(O)cc1)NC(=O)[C@@H](N)CC(=O)O)[C@H](C)c1c[nH]c2ccccc12,CHEMBL2112688,7.19,nM,65.0,nM,65.0,Active
CCCC[C@@H](C(=O)N[C@@H](CC(=O)O)C(=O)N[C@@H](Cc1ccccc1)C(N)=O)N(C)C(=O)[C@@H](NC(=O)CNC(=O)[C@@H](Cc1ccccc1)NC(=O)[C@H](Cc1ccc(O)cc1)NC(=O)[C@@H](N)CC(=O)O)[C@@H](C)c1c[nH]c2ccccc12,CHEMBL2112689,6.85,nM,140.0,nM,140.0,Active
Oc1ccc2c3c1OC1[C@@H](OCc4ccc(-c5ccccc5)cc4)CCC4(O)C(C2)N(CC2CC2)CCC314,CHEMBL2111913,7.72,nM,19.0,nM,19.0,Active
Oc1ccc2c3c1O[C@H]1[C@H](O)CC[C@@]4(O)[C@@H](C2)N(CC2CC2)CC[C@]314,CHEMBL140278,7.58,nM,26.0,nM,26.0,Active
Oc1ccc2c3c1OC1[C@@H](OCc4cccc5ccccc45)CCC4(O)C(C2)N(CC2CC2)CCC314,CHEMBL2111912,8.18,nM,6.6,nM,6.6,Active
O=C1CC[C@@]2(O)[C@H]3Cc4ccc(O)c5c4[C@@]2(CCN3CC2CC2)[C@H]1O5,CHEMBL19019,8.00,nM,10.0,nM,10.0,Active
Oc1ccc2c3c1OC1[C@@H](OCc4c5ccccc5cc5ccccc45)CCC4(O)C(C2)N(CC2CC2)CCC314,CHEMBL2111916,7.44,nM,36.0,nM,36.0,Active
Oc1ccc2c3c1OC1[C@H](OCc4c5ccccc5cc5ccccc45)CCC4(O)C(C2)N(CC2CC2)CCC314,CHEMBL2112736,7.32,nM,48.0,nM,48.0,Active
Oc1ccc2c3c1OC1[C@@H](OCc4ccc5ccccc5c4)CCC4(O)C(C2)N(CC2CC2)CCC314,CHEMBL2111911,7.70,nM,20.0,nM,20.0,Active
O=C(COC1CCC2(O)C3Cc4ccc(O)c5c4C2(CCN3CC2CC2)C1O5)C1[C@H]2C[C@@H]3C[C@@H](C[C@H]1C3)C2,CHEMBL423341,7.52,nM,30.0,nM,30.0,Active
Oc1ccc2c3c1OC1[C@H](OCc4ccc5ccccc5c4)CCC4(O)C(C2)N(CC2CC2)CCC314,CHEMBL2112729,7.60,nM,25.0,nM,25.0,Active
Oc1ccc2c3c1OC1[C@H](OCc4ccccc4)CCC4(O)C(C2)N(CC2CC2)CCC314,CHEMBL2112732,8.54,nM,2.9,nM,2.9,Active
Oc1ccc2c3c1OC1[C@@H](OCc4ccccc4)CCC4(O)C(C2)N(CC2CC2)CCC314,CHEMBL2111914,8.85,nM,1.4,nM,1.4,Active
Oc1ccc2c3c1OC1[C@H](OCc4ccc(-c5ccccc5)cc4)CCC4(O)C(C2)N(CC2CC2)CCC314,CHEMBL2112730,7.96,nM,11.0,nM,11.0,Active
Oc1ccc2c3c1OC1[C@H](OCc4cccc5ccccc45)CCC4(O)C(C2)N(CC2CC2)CCC314,CHEMBL2112740,8.26,nM,5.5,nM,5.5,Active
C=C(COc1ccc2c3c1O[C@H]1C(=O)CC[C@@]4(O)[C@@H](C2)N(C)CC[C@]314)C(=O)OC,CHEMBL140145,7.68,nM,21.0,nM,21.0,Active
C=C(CO[C@@H]1CC[C@@]2(O)[C@H]3Cc4ccc(O)c5c4[C@@]2(CCN3CC2CC2)[C@H]1O5)C(=O)OC,CHEMBL76023,8.85,nM,1.4,nM,1.4,Active
C=C(COc1ccc2c3c1O[C@H]1c4[nH]c5c(c4C[C@@]4(O)[C@@H](C2)N(CC2CC2)CC[C@]314)C[C@@]1(O)[C@H]2Cc3ccc(OCC(=C)C(=O)OC)c4c3[C@@]1(CCN2CC1CC1)[C@H]5O4)C(=O)OC,CHEMBL407685,7.30,nM,50.0,nM,50.0,Active
C=C(COc1ccc2c3c1O[C@H]1[C@@]4(OC)C=C[C@@]5(C[C@@H]4[C@](C)(O)CCC)[C@@H](C2)N(C)CC[C@]315)C(=O)OC,CHEMBL143815,8.92,nM,1.2,nM,1.2,Active
Oc1ccc2c3c1O[C@H]1c4[nH]c5ccccc5c4C[C@@]4(O)[C@@H](C2)N(CC2CC2)CC[C@]314,CHEMBL567175,9.49,nM,0.32,nM,0.32,Active
C=C(COc1ccc2c3c1O[C@H]1c4[nH]c5ccccc5c4C[C@@]4(O)[C@@H](C2)N(CC2CC2)CC[C@]314)C(=O)OC,CHEMBL344420,9.10,nM,0.8,nM,0.8,Active
CN1CC[C@]23c4c5ccc(O)c4O[C@H]2C(=O)CC[C@@]3(O)[C@H]1C5,CHEMBL963,7.35,nM,45.0,nM,45.0,Active
Oc1ccc2c3c1O[C@H]1c4[nH]c5c(c4C[C@@]4(O)[C@@H](C2)N(CC2CC2)CC[C@]314)C[C@@]1(O)[C@H]2Cc3ccc(O)c4c3[C@@]1(CCN2CC1CC1)[C@H]5O4,CHEMBL573214,7.66,nM,22.0,nM,22.0,Active
CCC12CCN(CC3(O)CC3)C(Cc3ccc(O)cc31)C2(C)C,CHEMBL350384,8.82,nM,1.5,nM,1.5,Active
CN1CC[C@]23c4c5ccc(-c6ccoc6)c4O[C@H]2[C@@H](O)C=C[C@H]3[C@H]1C5,CHEMBL87247,5.13,nM,7400.0,nM,7400.0,Active
CO[C@]12CC[C@@]3(C[C@@H]1C(C)(C)O)[C@H]1Cc4ccc(O)c5c4[C@@]3(CCN1CC1CC1)[C@H]2O5,CHEMBL281786,9.17,nM,0.68,nM,0.68,Active
C=C(COc1ccc2c3c1O[C@H]1[C@H](OCC(=C)C(=O)OC)CC[C@@]4(O)[C@@H](C2)N(CC2CC2)CC[C@]314)C(=O)OC,CHEMBL143416,8.49,nM,3.2,nM,3.2,Active
C=C(COc1ccc2c3c1O[C@H]1C(=O)CC[C@@]4(O)[C@@H](C2)N(CC2CC2)CC[C@]314)C(=O)OC,CHEMBL343167,7.77,nM,17.0,nM,17.0,Active
CN1CC[C@]23c4c5ccc(O)c4O[C@H]2[C@@H](O)C=C[C@H]3[C@H]1C5,CHEMBL70,6.37,nM,430.0,nM,430.0,Active
CCC[C@@](C)(O)[C@H]1C[C@@]23C=C[C@]1(OC)[C@@H]1Oc4c(O)ccc5c4[C@@]12CCN(C)[C@@H]3C5,CHEMBL140050,8.89,nM,1.3,nM,1.3,Active
C=C(COc1ccc2c3c1O[C@H]1[C@@]4(OC)CC[C@@]5(C[C@@H]4C(C)(C)O)[C@@H](C2)N(CC2CC2)CC[C@]315)C(=O)OC,CHEMBL2092986,8.89,nM,1.3,nM,1.3,Active
CC(=O)c1ccc2c3c1O[C@H]1[C@@H](O)C=C[C@H]4[C@@H](C2)N(C)CC[C@@]341,CHEMBL82576,5.10,nM,7900.0,nM,7900.0,Active
C=C(COc1ccc2c3c1O[C@H]1[C@H](O)CC[C@@]4(O)[C@@H](C2)N(CC2CC2)CC[C@]314)C(=O)OC,CHEMBL140044,7.47,nM,34.0,nM,34.0,Active
Brc1ccc2c(c1)[C@H]1c3cc(Br)ccc3[C@H](C2)N2CCC[C@@H]12,CHEMBL3707097,5.30,nM,5020.0,nM,5020.0,Active
CN1CC[C@]23CCCC[C@H]2[C@H]1Cc1ccc(O)cc13,CHEMBL592,8.29,nM,5.1,nM,5.1,Active
C[C@@H]1[C@H]2c3cc(NCc4ccccc4)ccc3C[C@@H](c3ccc(NCc4ccccc4)cc32)N1C,CHEMBL3707102,6.92,nM,120.0,nM,120.0,Active
Brc1ccc(CNc2ccc3c(c2)[C@H]2c4cc(NCc5ccc(Br)cc5)ccc4[C@H](C3)N3CCC[C@@H]23)cc1,CHEMBL3707076,5.28,nM,5300.0,nM,5300.0,Active
C[C@@H]1[C@H]2c3cc(N4CCOCC4)ccc3C[C@@H](c3ccc(N4CCOCC4)cc32)N1C,CHEMBL3707093,5.12,nM,7500.0,nM,7500.0,Active
CC[C@H](C)[C@H](NC(=O)[C@H](CCCN=C(N)N)NC(=O)[C@H](CCCN=C(N)N)NC(=O)[C@H](CC(C)C)NC(=O)[C@H](Cc1ccccc1)NC(=O)[C@H](C)NC(=O)CNC(=O)[C@@H](N)Cc1ccc(O)cc1)C(=O)N[C@@H](CCCN=C(N)N)C(=O)N1CCC[C@H]1C(=O)N[C@@H](CCCCN)C(N)=O,CHEMBL262963,6.14,nM,730.0,nM,730.0,Active
CC[C@H](C)[C@H](NC(=O)[C@H](CCCN=C(N)N)NC(=O)[C@H](CCCN=C(N)N)NC(=O)[C@H](CC(C)C)NC(=O)[C@H](Cc1ccccc1)NC(=O)[C@@H](C)NC(=O)CNC(=O)[C@@H](N)Cc1ccc(O)cc1)C(=O)N[C@@H](CCCN=C(N)N)C(=O)N1CCC[C@H]1C(=O)N[C@@H](CCCCN)C(N)=O,CHEMBL415795,6.00,nM,1000.0,nM,1000.0,Active
C[C@@H]1[C@H]2c3cc(N4CCN(C)CC4)ccc3C[C@@H](c3ccc(N4CCN(C)CC4)cc32)N1CC1CC1,CHEMBL3707088,5.69,nM,2040.0,nM,2040.0,Active
CC(=O)Oc1ccc2c(c1)[C@H]1c3cc(OC(C)=O)ccc3[C@H](C2)N2CCC[C@@H]12,CHEMBL3707077,5.54,nM,2900.0,nM,2900.0,Active
COc1ccc2c(c1)[C@H]1c3cc(OC)ccc3[C@H](C2)N2CCC[C@@H]12,CHEMBL3707096,5.39,nM,4040.0,nM,4040.0,Active
C[C@@H]1[C@H]2c3cc(N4CCN(C)CC4)ccc3C[C@@H](c3ccc(N4CCN(C)CC4)cc32)N1C,CHEMBL3707094,5.60,nM,2500.0,nM,2500.0,Active
CC[C@H](C)[C@H](NC(=O)[C@H](CCCN=C(N)N)NC(=O)[C@H](CCCN=C(N)N)NC(=O)[C@H](CC(C)C)NC(=O)[C@H](Cc1ccccc1)NC(=O)CNC(=O)CNC(=O)[C@@H](N)Cc1ccc(OC)cc1)C(=O)N[C@@H](CCCN=C(N)N)C(=O)N1CCC[C@H]1C(=O)N[C@@H](CCCCN)C(N)=O,CHEMBL268874,7.59,nM,25.5,nM,25.5,Active
CN1[C@@H]2Cc3ccccc3[C@@H](c3ccccc32)[C@@H]1Cc1ccccc1,CHEMBL2112841,5.46,nM,3442.0,nM,3442.0,Active
C[C@@H]1[C@H]2c3cc(Br)ccc3C[C@@H](c3ccc(Br)cc32)N1C,CHEMBL3707086,5.05,nM,8840.0,nM,8840.0,Active
C[C@@H]1[C@H]2c3cc(NCc4ccccc4)ccc3C[C@@H](c3ccc(NCc4ccccc4)cc32)N1CC1CC1,CHEMBL3707089,7.31,nM,49.0,nM,49.0,Active
C[C@@H]1[C@H]2c3cc(O)ccc3C[C@@H](c3ccc(O)cc32)N1C,CHEMBL3707083,5.89,nM,1300.0,nM,1300.0,Active
C[C@@H]1[C@H]2c3cc(Nc4ccccc4)ccc3C[C@@H](c3ccc(Nc4ccccc4)cc32)N1C,CHEMBL3707095,6.28,nM,530.0,nM,530.0,Active
CC(=O)Oc1ccc2c(c1)[C@H]1c3cc(OC(C)=O)ccc3[C@H](C2)N(CC2CC2)[C@@H]1C,CHEMBL3707080,5.48,nM,3300.0,nM,3300.0,Active
C[C@@H]1[C@H]2c3cc(Nc4ccccc4)ccc3C[C@@H](c3ccc(Nc4ccccc4)cc32)N1CC1CC1,CHEMBL3707103,6.05,nM,890.0,nM,890.0,Active
C[C@@H]1[C@H]2c3cc(O)ccc3C[C@@H](c3ccc(O)cc32)N1CC1CC1,CHEMBL3707082,6.34,nM,460.0,nM,460.0,Active
COc1ccc2c(c1)[C@H]1c3cc(OC)ccc3[C@H](C2)N(CC2CC2)[C@@H]1C,CHEMBL3707101,5.18,nM,6630.0,nM,6630.0,Active
Oc1ccc2c(c1)[C@H]1c3cc(O)ccc3[C@H](C2)N2CCC[C@@H]12,CHEMBL3707075,5.42,nM,3800.0,nM,3800.0,Active
C[C@@H](NC(=O)[C@@H](N)Cc1ccc(O)cc1)C(=O)NCC(=O)N[C@@H](Cc1ccccc1)C(=O)NN,CHEMBL91760,6.64,nM,230.0,nM,230.0,Active
C[C@@H](NC(=O)[C@@H](N)Cc1ccc(O)cc1)C(=O)NCC(=O)N[C@@H](Cc1c[nH]c2ccccc12)C(=O)NNC(=O)[C@H](N)Cc1ccccc1,CHEMBL319822,7.34,nM,46.0,nM,46.0,Active
C[C@@H](NC(=O)[C@@H](N)Cc1ccc(O)cc1)C(=O)NCC(=O)N[C@@H](Cc1ccccc1)C(=O)NNC(=O)[C@H](Cc1ccccc1)NC(=O)CNC(=O)[C@@H](C)NC(=O)[C@@H](N)Cc1ccc(O)cc1,CHEMBL200199,8.59,nM,2.6,nM,2.6,Active
C[C@@H](NC(=O)[C@@H](N)Cc1ccc(O)cc1)C(=O)NCC(=O)N[C@@H](Cc1ccccc1)C(=O)NNC(=O)[C@H](N)Cc1c[nH]c2ccccc12,CHEMBL92286,7.54,nM,29.0,nM,29.0,Active
CCCC[C@@H](N)C(=O)NNC(=O)[C@H](Cc1ccccc1)NC(=O)CNC(=O)[C@@H](C)NC(=O)[C@@H](N)Cc1ccc(O)cc1,CHEMBL214929,7.15,nM,71.0,nM,71.0,Active
CCCC[C@H](N)C(=O)NNC(=O)[C@H](Cc1ccccc1)NC(=O)CNC(=O)[C@@H](C)NC(=O)[C@@H](N)Cc1ccc(O)cc1,CHEMBL328443,7.68,nM,21.0,nM,21.0,Active
C[C@@H](NC(=O)[C@@H](N)Cc1ccc(O)cc1)C(=O)NCC(=O)N[C@@H](Cc1ccccc1)C(=O)NNC(=O)[C@H](N)Cc1ccc(O)cc1,CHEMBL432041,7.80,nM,16.0,nM,16.0,Active
C[C@@H](NC(=O)[C@@H](N)Cc1ccc(O)cc1)C(=O)NCC(=O)N[C@@H](Cc1ccccc1)C(=O)NNC(=O)[C@H](N)Cc1ccccc1,CHEMBL328902,7.82,nM,15.0,nM,15.0,Active
C[C@@H](NC(=O)[C@@H](N)Cc1ccc(O)cc1)C(=O)NCC(=O)N[C@@H](Cc1ccccc1)C(=O)NNC(=O)[C@@H](N)Cc1ccccc1,CHEMBL92503,7.52,nM,30.0,nM,30.0,Active
Oc1ccc2c3c1O[C@H]1[C@@H](O)CC[C@@]4(O)[C@@H](C2)N(CC2CC2)CC[C@]314,CHEMBL468469,7.50,nM,32.0,nM,32.0,Active
Oc1ccc2c3c1O[C@H]1[C@H](OCc4cccc(N=C=S)c4)CC[C@@]4(O)C(C2)N(CC2CC2)CCC314,CHEMBL154510,8.19,nM,6.5,nM,6.5,Active
Oc1ccc2c3c1O[C@H]1[C@H](OCc4ccc(CN=C=S)cc4)CC[C@@]4(O)C(C2)N(CC2CC2)CCC314,CHEMBL347674,7.68,nM,21.0,nM,21.0,Active
Oc1ccc2c3c1O[C@H]1[C@H](OCc4ccccc4CN=C=S)CC[C@@]4(O)C(C2)N(CC2CC2)CCC314,CHEMBL152327,7.66,nM,22.0,nM,22.0,Active
CN(C(=O)Cc1ccc(Cl)c(Cl)c1)[C@H](CN1CCCC1)c1cccc(N)c1,CHEMBL413530,7.05,nM,88.5,nM,88.5,Active
Oc1ccc2c3c1O[C@H]1[C@H](OCc4cccc(CN=C=S)c4)CC[C@@]4(O)C(C2)N(CC2CC2)CCC314,CHEMBL152351,7.92,nM,12.0,nM,12.0,Active
Oc1ccc2c3c1O[C@H]1[C@H](OCc4ccccc4N=C=S)CC[C@@]4(O)C(C2)N(CC2CC2)CCC314,CHEMBL345208,8.74,nM,1.8,nM,1.8,Active
Oc1ccc2c3c1O[C@H]1[C@H](OCc4ccc(N=C=S)cc4)CC[C@@]4(O)C(C2)N(CC2CC2)CCC314,CHEMBL352224,7.46,nM,35.0,nM,35.0,Active
CCN(CC)C(=O)c1ccc(C(c2cccc3c2OC(C)(C)C3)N2CCNCC2)cc1,CHEMBL127761,8.94,nM,1.15,nM,1.15,Active
CC(=O)c1ccc(C(c2ccccc2)N2CCNCC2)cc1,CHEMBL130587,5.98,nM,1045.0,nM,1045.0,Active
C=CCN1CCN(C(c2ccccc2)c2ccc(C(=O)N(CC)CC)cc2)CC1,CHEMBL24035,7.80,nM,15.9,nM,15.9,Active
CCN(CC)C(=O)c1ccc(C(c2cccc(OC)c2)N2CC(C)(C)NCC2C)cc1,CHEMBL127434,8.07,nM,8.44,nM,8.44,Active
CCN(CC)C(=O)c1ccc(C(c2ccc(Cl)cc2)N2CCNCC2)cc1,CHEMBL128006,7.71,nM,19.3,nM,19.3,Active
O=C(CSSCC(=O)N[C@@]12CCC(=O)[C@@H]3Oc4c(O)ccc5c4[C@@]31CCN(CC1CC1)[C@@H]2C5)N[C@@]12CCC(=O)[C@@H]3Oc4c(O)ccc5c4[C@@]31CCN(CC1CC1)[C@@H]2C5,CHEMBL290701,7.62,nM,24.0,nM,24.0,Active
C[C@@]12Oc3c(O)ccc4c3[C@@]13CCN(CC1CC1)[C@H](C4)[C@]3(NC(=O)CSSCC(=O)N[C@@]13CCC(=O)[C@]4(C)Oc5c(O)ccc6c5[C@@]41CCN(CC1CC1)[C@@H]3C6)CCC2=O,CHEMBL2304424,8.28,nM,5.3,nM,5.3,Active
CC(C)(O)c1ccc(C(c2ccccc2)N2CCNCC2)cc1,CHEMBL129391,6.39,nM,406.0,nM,406.0,Active
CCN(CC)C(=O)c1ccc(C(c2ccc3ncccc3c2)N2CCNCC2)cc1,CHEMBL338535,7.21,nM,61.6,nM,61.6,Active
CCCCN1CCN(C(c2ccccc2)c2ccc(C(=O)N(CC)CC)cc2)CC1,CHEMBL123679,7.54,nM,28.6,nM,28.6,Active
C=CCN1C[C@H](C)N([C@H](c2ccc(C(=O)N(CC)CC)cc2)c2cccc(O)c2)C[C@H]1C,CHEMBL25230,9.64,nM,0.23,nM,0.23,Active
CCN(CC)C(=O)c1ccc(C(c2ccccc2)N2CCCCC2)cc1,CHEMBL127240,5.65,nM,2230.0,nM,2230.0,Active
COC(=O)c1ccc(C(c2ccccc2)N2CCNCC2)cc1,CHEMBL125842,6.51,nM,307.0,nM,307.0,Active
CCN(CC)C(=O)c1ccc(C(c2cccc(OC)c2)N2CCNCC2)cc1,CHEMBL125742,7.61,nM,24.8,nM,24.8,Active
CCN(CC)C(=O)c1ccc(C(c2ccccc2)N(C)CCNC)cc1,CHEMBL338436,7.04,nM,91.6,nM,91.6,Active
CCN(CC)C(=O)c1ccc(C(c2cccc(F)c2)N2CCNCC2)cc1,CHEMBL340834,8.35,nM,4.5,nM,4.5,Active
NC(=O)c1ccc(C(c2ccccc2)N2CCNCC2)cc1,CHEMBL340802,6.29,nM,509.0,nM,509.0,Active
CCN(CC)C(=O)c1ccc(C(c2ccc3cccnc3c2)N2CCNCC2)cc1,CHEMBL126819,8.96,nM,1.1,nM,1.1,Active
O=C(O)c1ccc(C(c2ccccc2)N2CCNCC2)cc1,CHEMBL340699,6.39,nM,410.0,nM,410.0,Active
CN(C)C(=O)c1ccc(C(c2ccccc2)N2CCNCC2)cc1,CHEMBL339034,7.22,nM,60.4,nM,60.4,Active
c1ccc(C(c2ccc(-c3nn[nH]n3)cc2)N2CCNCC2)cc1,CHEMBL338772,6.60,nM,250.0,nM,250.0,Active
CCC(CC)C(=O)c1ccc(C(c2ccccc2)N2CCNCC2)cc1,CHEMBL126918,7.00,nM,100.0,nM,100.0,Active
CN1CC[C@]23c4c5ccc(O)c4O[C@H]2C(=O)CC[C@@]3(NC(=O)CSSCC(=O)N[C@@]23CCC(=O)[C@@H]4Oc6c(O)ccc7c6[C@@]42CCN(C)[C@@H]3C7)[C@H]1C5,CHEMBL41098,7.96,nM,11.0,nM,11.0,Active
N#Cc1ccc(C(c2ccccc2)N2CCNCC2)cc1,CHEMBL126626,5.89,nM,1294.0,nM,1294.0,Active
CCN(CC)C(=O)c1ccc(C(c2ccc(OC)cc2)N2CCNCC2)cc1,CHEMBL127638,8.09,nM,8.13,nM,8.13,Active
CCN(CC)Cc1ccc(C(c2ccccc2)N2CCNCC2)cc1,CHEMBL127346,6.26,nM,555.0,nM,555.0,Active
CCN(CC)S(=O)(=O)c1ccc(C(c2ccccc2)N2CCNCC2)cc1,CHEMBL339621,7.42,nM,37.89,nM,37.89,Active
CCN(CC)C(=O)c1ccc(C(c2ccccc2)N2CCN(C)CC2)cc1,CHEMBL124642,7.39,nM,40.4,nM,40.4,Active
CCN(CC)C(=O)c1ccc(C(c2cccc(OC)c2)N2CC(C)NCC2(C)C)cc1,CHEMBL434817,7.27,nM,53.3,nM,53.3,Active
CCN(CC)C(=O)c1ccc(C(c2ccc3ccccc3c2)N2CCNCC2)cc1,CHEMBL126223,8.12,nM,7.63,nM,7.63,Active
CCN(CC)C(=O)c1ccc(C(c2ccnc3ccccc23)N2CCNCC2)cc1,CHEMBL126413,6.88,nM,132.0,nM,132.0,Active
CN1CC[C@]23c4c5ccc(O)c4O[C@@]2(C)C(=O)CC[C@@]3(NC(=O)CSSCC(=O)N[C@@]23CCC(=O)[C@]4(C)Oc6c(O)ccc7c6[C@@]42CCN(C)C3C7)C1C5,CHEMBL297605,7.28,nM,52.0,nM,52.0,Active
CCN(CC)C(=O)c1ccc(C(c2cccc3cccnc23)N2CCNCC2)cc1,CHEMBL129420,9.29,nM,0.51,nM,0.51,Active
CCN(CC)C(=O)c1ccc(C(c2ccc(C)cc2)N2CCNCC2)cc1,CHEMBL128005,8.07,nM,8.42,nM,8.42,Active
CCN(CC)C(=O)c1ccc(C(c2ccc3cc[nH]c3c2)N2CCNCC2)cc1,CHEMBL2112649,8.17,nM,6.81,nM,6.81,Active
CCN(CC)C(=O)c1ccc(C(c2ccccc2)N2CCCNCC2)cc1,CHEMBL127507,7.71,nM,19.6,nM,19.6,Active
CCNC(=O)c1ccc(C(c2ccccc2)N2CCNCC2)cc1,CHEMBL125741,6.76,nM,175.0,nM,175.0,Active
CCN(CC)C(=O)c1ccc(C(c2cccc3ccccc23)N2CCNCC2)cc1,CHEMBL125734,8.63,nM,2.36,nM,2.36,Active
CCN(CC)C(=O)c1ccc(C(C2CCCCC2)N2CCNCC2)cc1,CHEMBL340724,7.01,nM,98.4,nM,98.4,Active
CN1CCc2cc(-c3ccc(C(c4ccccc4)N4CCNCC4)cc3)ccc2C1=O,CHEMBL129422,5.78,nM,1653.0,nM,1653.0,Active
CCN(CC)C(=O)c1ccc(C(c2cccc3cnccc23)N2CCNCC2)cc1,CHEMBL126366,8.39,nM,4.11,nM,4.11,Active
CCN(CC)C(=O)c1ccc(C(c2ccccc2)N2CCN(CC3CC3)CC2)cc1,CHEMBL125248,7.45,nM,35.3,nM,35.3,Active
C[S+]([O-])CC[C@H](NC(=O)[C@H](Cc1ccc(O)cc1)N=C(N)N)C(=O)N[C@@H](Cc1ccccc1)C(=O)NCC(N)=O,CHEMBL2372402,6.52,nM,300.0,nM,300.0,Active
CC[C@H](C)[C@H](NC(=O)[C@H](CCCNC(=N)N)NC(=O)[C@H](CCCNC(=N)N)NC(=O)[C@H](CC(C)C)NC(=O)[C@H](Cc1ccccc1)NC(=O)CNC(=O)CNC(=O)[C@@H](N)Cc1ccc(O)cc1)C(=O)N[C@@H](CCCNC(=N)N)C(=O)N1CCC[C@H]1C(=O)N[C@@H](CCCCN)C(=O)N[C@@H](CC(C)C)C(=O)N[C@@H](CCCCN)C(=O)N[C@@H](Cc1c[nH]c2ccccc12)C(=O)N[C@@H](CC(=O)O)C(=O)N[C@@H](CC(N)=O)C(=O)N[C@@H](CCC(N)=O)C(=O)O,CHEMBL411557,8.60,nM,2.54,nM,2.54,Active
CC(C)C[C@@H]1NC(=O)[C@H](CCCCN)NC(=O)[C@@H]2CCCN2C(=O)[C@H](CCCN=C(N)N)NC(=O)[C@H](NC(=O)[C@H](CCCN=C(N)N)NC(=O)[C@H](CCCN=C(N)N)NC(=O)[C@H](CC(C)C)NC(=O)[C@H](Cc2ccccc2)NC(=O)CNC(=O)CNC(=O)[C@@H](N)Cc2ccc(O)cc2)CSSC[C@@H](C(N)=O)NC1=O,CHEMBL384250,6.98,nM,104.0,nM,104.0,Active
CNC(=N)N[C@@H](Cc1ccc(O)cc1)C(=O)N[C@@H](CC[S+](C)[O-])C(=O)N[C@@H](Cc1ccccc1)C(=O)NC(C)C(=O)OC,CHEMBL2372389,5.57,nM,2700.0,nM,2700.0,Active
C[S+]([O-])CC[C@H](NC(=O)[C@@H](N)Cc1ccc(O)cc1)C(=O)N[C@@H](Cc1ccccc1)C(=O)NCC(=O)O,CHEMBL2372388,5.70,nM,1980.0,nM,1980.0,Active
COC(=O)CNC(=O)[C@H](Cc1ccccc1)NC(=O)[C@H](CC[S+](C)[O-])NC(=O)[C@@H](N)Cc1ccc(O)cc1,CHEMBL2372387,6.07,nM,850.0,nM,850.0,Active
C[S+]([O-])CC[C@H](NC(=O)[C@@H](N)Cc1ccc(O)cc1)C(=O)N[C@@H](Cc1ccccc1)C(=O)NCC(N)=O,CHEMBL2372390,6.51,nM,312.0,nM,312.0,Active
COC(=O)CN(C)C(=O)[C@H](Cc1ccccc1)NC(=O)[C@H](CC[S+](C)[O-])NC(=O)[C@H](Cc1ccc(O)cc1)N=C(N)N,CHEMBL2372395,6.82,nM,150.0,nM,150.0,Active
C[C@H](NC(=O)[C@@H](N)Cc1ccc(O)cc1)C(=O)N[C@@H](Cc1ccccc1)C(=O)NCC(N)=O,CHEMBL290737,6.09,nM,818.0,nM,818.0,Active
COC(=O)C(C)NC(=O)[C@H](Cc1ccccc1)NC(=O)[C@H](CC[S+](C)[O-])NC(=O)[C@@H](N)Cc1ccc(O)cc1,CHEMBL2372392,5.85,nM,1400.0,nM,1400.0,Active
CC[C@H](C)[C@H](NC(=O)[C@H](CCCN=C(N)N)NC(=O)[C@H](CCCN=C(N)N)NC(=O)[C@H](CC(C)C)NC(=O)[C@H](Cc1ccccc1)NC(=O)CNC(=O)CNC(=O)[C@@H](N)Cc1ccc(O)cc1)C(=O)N[C@@H](CCCN=C(N)N)C(=O)N1CCC[C@H]1C(=O)N[C@@H](CCCCN)C(=O)N[C@@H](CC(C)C)C(=O)N[C@@H](CCCCN)C(N)=O,CHEMBL415330,8.39,nM,4.07,nM,4.07,Active
COC(=O)CNC(=O)[C@H](Cc1ccccc1)NC(=O)[C@H](CC[S+](C)[O-])NC(=O)[C@H](Cc1ccc(O)cc1)N=C(N)N,CHEMBL2372403,6.54,nM,285.0,nM,285.0,Active
COC(=O)CN(C)C(=O)[C@H](Cc1ccccc1)NC(=O)[C@H](CC[S+](C)[O-])NC(=O)[C@@H](N)Cc1ccc(O)cc1,CHEMBL2372400,6.29,nM,510.0,nM,510.0,Active
CC[C@H](C)[C@@H]1NC(=O)[C@H](CCCN=C(N)N)NC(=O)[C@H](CCCN=C(N)N)NC(=O)[C@@H](NC(=O)[C@H](Cc2ccccc2)NC(=O)CNC(=O)CNC(=O)[C@@H](N)Cc2ccc(O)cc2)CSSC[C@@H](C(N)=O)NC(=O)[C@@H]2CCCN2C(=O)[C@H](CCCN=C(N)N)NC1=O,CHEMBL385759,8.79,nM,1.63,nM,1.63,Active
CC(C)C[C@H](NC(=O)[C@H](Cc1ccccc1)NC(=O)CNC(=O)CNC(=O)[C@@H](N)Cc1ccc(O)cc1)C(=O)N[C@@H](CCCN=C(N)N)C(=O)N[C@@H](CCCN=C(N)N)C(=O)N[C@@H]1CSSC[C@H](C(N)=O)NC(=O)[C@H](CC(C)C)NC(=O)[C@H](CCCCN)NC(=O)[C@@H]2CCCN2C(=O)[C@H](CCCN=C(N)N)NC1=O,CHEMBL410616,7.84,nM,14.3,nM,14.3,Active
CN(CC(=O)O)C(=O)[C@H](Cc1ccccc1)NC(=O)[C@H](CC[S+](C)[O-])NC(=O)[C@@H](N)Cc1ccc(O)cc1,CHEMBL2372401,5.67,nM,2120.0,nM,2120.0,Active
CN(CC(N)=O)C(=O)[C@H](Cc1ccccc1)NC(=O)[C@H](CC[S+](C)[O-])NC(=O)[C@@H](N)Cc1ccc(O)cc1,CHEMBL2372394,6.36,nM,440.0,nM,440.0,Active
COc1ccc(F)cc1-c1cccn(C(CN2CCC(O)C2)c2ccccc2)c1=O,CHEMBL15496,6.34,nM,460.0,nM,460.0,Active
CC(NC(=O)[C@H](Cc1ccccc1)NC(=O)[C@H](CC[S+](C)[O-])NC(=O)[C@@H](N)Cc1ccc(O)cc1)C(=O)O,CHEMBL2372393,5.62,nM,2400.0,nM,2400.0,Active
CC(NC(=O)[C@H](Cc1ccccc1)NC(=O)[C@H](CC[S+](C)[O-])NC(=O)[C@@H](N)Cc1ccc(O)cc1)C(N)=O,CHEMBL2372391,6.05,nM,900.0,nM,900.0,Active
O=C(O)COc1cccc(C(CN2CCCC2)n2cccc(-c3ccc(C(F)(F)F)cc3)c2=O)c1,CHEMBL15429,5.25,nM,5600.0,nM,5600.0,Active
CC(C)C[C@@H]1NC(=O)[C@H](CCCCN)NC(=O)[C@@H]2CCCN2C(=O)[C@H](CCCN=C(N)N)NC(=O)[C@@H](NC(=O)[C@H](CCCN=C(N)N)NC(=O)[C@H](CCCN=C(N)N)NC(=O)[C@H](CC(C)C)NC(=O)[C@H](Cc2ccccc2)NC(=O)CNC(=O)CNC(=O)[C@@H](N)Cc2ccc(O)cc2)CSSC[C@@H](C(N)=O)NC1=O,CHEMBL443068,8.40,nM,3.97,nM,3.97,Active
C[C@H]1NC(=O)[C@H](CCCN=C(N)N)NC(=O)[C@H](CCCN=C(N)N)NC(=O)[C@@H](NC(=O)[C@H](Cc2ccccc2)NC(=O)CNC(=O)CNC(=O)[C@@H](N)Cc2ccc(O)cc2)CSSC[C@@H](C(N)=O)NC(=O)[C@@H]2CCCN2C(=O)[C@H](CCCN=C(N)N)NC1=O,CHEMBL265824,7.73,nM,18.6,nM,18.6,Active
C[C@@H](NC(=O)[C@@H](N)Cc1ccc(O)cc1)C(=O)N[C@@H](Cc1ccccc1)C(=O)NCC(=O)N[C@@H](Cc1ccc(O)cc1)C(=O)N1CCC[C@H]1C(=O)N[C@@H](CO)C(N)=O,CHEMBL278789,6.68,nM,210.0,nM,210.0,Active
O=C(CCc1ccc(F)cc1)N1CCN(CCCC(c2ccc(F)cc2)c2ccc(F)cc2)CC1,CHEMBL116735,5.03,nM,9380.0,nM,9380.0,Active
N#Cc1ccc(CCOC(=O)NC2CCN(CCCC(c3ccc(F)cc3)c3ccc(F)cc3)CC2)cc1,CHEMBL116463,5.24,nM,5770.0,nM,5770.0,Active
O=c1[nH]c2ccccc2n(C2CCN(Cc3cc4c(cc3Cl)OCO4)CC2)c1=O,CHEMBL325945,6.21,nM,620.0,nM,620.0,Active
CN1CC[C@]23c4c5ccc(O)c4O[C@H]2C(=O)CC[C@@]3(NC(=O)CS)[C@H]1C5,CHEMBL606710,7.92,nM,12.1,nM,12.1,Active
CCOc1ccc(CCNC(=O)N2CCN(CCCC(c3ccc(F)cc3)c3ccc(F)cc3)CC2)cc1,CHEMBL113956,5.07,nM,8570.0,nM,8570.0,Active
O=C(CCCc1ccccc1)N1CCN(CCCC(c2ccc(F)cc2)c2ccc(F)cc2)CC1,CHEMBL117537,5.43,nM,3710.0,nM,3710.0,Active
Cc1ccc(CN2CCC(n3c(O)nc4ccccc43)CC2)c(Cl)c1,CHEMBL114484,5.85,nM,1410.0,nM,1410.0,Active
O=c1[nH]c2ccccc2n1C1CCN(CCCC(c2ccc(F)cc2)c2ccc(F)cc2)CC1,CHEMBL1423,5.42,nM,3760.0,nM,3760.0,Active
Cl.Cl.Fc1ccc(C(c2ccc(F)cc2)N2CCN(C/C=C/c3ccccc3)CC2)cc1,CHEMBL552659,5.44,nM,3630.0,nM,3630.0,Active
COc1ccc(-c2ccc3c(c2)CN(C(=O)[C@@H](N)Cc2c(C)cc(O)cc2C)[C@H](C(=O)O)C3)cc1,CHEMBL2114977,8.24,nM,5.8,nM,5.8,Active
COc1ccc2c(c1)CN(C(=O)[C@@H](N)Cc1c(C)cc(O)cc1C)[C@H](C(=O)O)C2,CHEMBL2114982,7.92,nM,12.1,nM,12.1,Active
Cc1cc(O)cc(C)c1C[C@H](N)C(=O)N1Cc2ccccc2C[C@H]1C/N=C(/S)NC(C)(C)C,CHEMBL421520,9.66,nM,0.22,nM,0.22,Active
Cc1cc(O)cc(C)c1CC(N)C(=O)N1Cc2cc(O)ccc2C[C@H]1C(=O)O,CHEMBL44732,6.63,nM,236.0,nM,236.0,Active
Cc1cc(O)cc(C)c1C[C@H](N)C(=O)N1Cc2cc(-c3ccccc3)ccc2C[C@H]1C(=O)O,CHEMBL2114980,7.88,nM,13.2,nM,13.2,Active
Cc1cc(O)cc(C)c1C[C@H](N)C(=O)N1Cc2ccccc2C[C@H]1CNCC(C)(C)C,CHEMBL76573,9.00,nM,0.99,nM,0.99,Active
COc1ccc2c(c1)CN(C(=O)C(N)Cc1c(C)cc(O)cc1C)[C@H](C(=O)O)C2,CHEMBL297452,7.96,nM,10.9,nM,10.9,Active
Cc1cc(O)cc(C)c1C[C@H](N)C(=O)N1Cc2ccccc2C[C@H]1CN(C)C,CHEMBL80464,9.01,nM,0.97,nM,0.97,Active
Cc1cc(O)cc(C)c1C[C@H](N)C(=O)N1Cc2cc(-c3ccc(F)cc3)ccc2C[C@H]1C(=O)O,CHEMBL2114978,8.42,nM,3.8,nM,3.8,Active
Cc1cc(O)cc(C)c1C[C@H](N)C(=O)N1Cc2ccccc2C[C@H]1C/N=C(/S)Nc1ccccc1,CHEMBL75802,9.57,nM,0.27,nM,0.27,Active
Cc1cc(O)cc(C)c1CC(N)C(=O)N1Cc2cc(-c3ccsc3)ccc2C[C@H]1C(=O)O,CHEMBL418080,7.87,nM,13.5,nM,13.5,Active
Cc1cc(O)cc(C)c1C[C@H](N)C(=O)N1Cc2ccccc2C[C@H]1CO,CHEMBL308128,8.70,nM,2.0,nM,2.0,Active
C=CCOC[C@@H]1Cc2ccccc2CN1C(=O)[C@@H](N)Cc1c(C)cc(O)cc1C,CHEMBL80319,9.01,nM,0.98,nM,0.98,Active
Cc1cc(O)cc(C)c1C[C@H](N)C(=O)N1Cc2ccccc2C[C@H]1CN=[N+]=[N-],CHEMBL76846,8.96,nM,1.1,nM,1.1,Active
Cc1cc(O)cc(C)c1C[C@H](N)C(=O)N1Cc2ccccc2C[C@H]1CN=C(N)N,CHEMBL309236,8.49,nM,3.2,nM,3.2,Active
Cc1cc(O)cc(C)c1C[C@H](N)C(=O)N1Cc2ccccc2C[C@H]1CNC(=O)c1ccccc1,CHEMBL309307,9.62,nM,0.24,nM,0.24,Active
Cc1cc(O)cc(C)c1C[C@H](N)C(=O)N1Cc2ccccc2C[C@H]1C(=O)O,CHEMBL571492,8.80,nM,1.6,nM,1.6,Active
COc1ccc(-c2ccc3c(c2)CN(C(=O)C(N)Cc2c(C)cc(O)cc2C)[C@H](C(=O)O)C3)cc1,CHEMBL48098,8.31,nM,4.9,nM,4.9,Active
Cc1cc(O)cc(C)c1C[C@H](N)C(=O)N1Cc2ccccc2C[C@H]1CNC(=O)C(C)(C)C,CHEMBL307889,9.10,nM,0.79,nM,0.79,Active
CCNC(=O)NC[C@@H]1Cc2ccccc2CN1C(=O)[C@@H](N)Cc1c(C)cc(O)cc1C,CHEMBL309783,9.00,nM,0.99,nM,0.99,Active
CC(C)[C@H](NC(=O)[C@H](CC(=O)O)NC(=O)[C@H](Cc1ccccc1)NC(=O)[C@@H](C)NC(=O)[C@@H](N)Cc1ccc(O)cc1)C(=O)N[C@H](C(=O)NCC(N)=O)C(C)C,CHEMBL317956,8.89,nM,1.3,nM,1.3,Active
COc1cc2c(cc1-c1ccccc1)C[C@@H](C(=O)O)N(C(=O)C(N)Cc1c(C)cc(O)cc1C)C2,CHEMBL430777,5.59,nM,2540.0,nM,2540.0,Active
CC(=O)NC[C@@H]1Cc2ccccc2CN1C(=O)[C@@H](N)Cc1c(C)cc(O)cc1C,CHEMBL80823,9.10,nM,0.79,nM,0.79,Active
COc1cc2c(cc1-c1ccc(F)cc1)C[C@@H](C(=O)O)N(C(=O)C(N)Cc1c(C)cc(O)cc1C)C2,CHEMBL47564,5.94,nM,1160.0,nM,1160.0,Active
Cc1cc(O)cc(C)c1C(NC(=O)C1Cc2ccccc2CN1)C(=O)O,CHEMBL416788,8.80,nM,1.6,nM,1.6,Active
Cc1cc(O)cc(C)c1C[C@H](N)C(=O)N1Cc2ccccc2C[C@H]1CNC(=O)Nc1ccccc1,CHEMBL80463,9.89,nM,0.13,nM,0.13,Active
COc1c(Br)cc2c(c1Br)CN(C(=O)[C@@H](N)Cc1c(C)cc(O)cc1C)[C@H](C(=O)O)C2,CHEMBL2114981,8.60,nM,2.5,nM,2.5,Active
CC(=O)OC[C@@H]1Cc2ccccc2CN1C(=O)[C@@H](N)Cc1c(C)cc(O)cc1C,CHEMBL312792,8.96,nM,1.1,nM,1.1,Active
CC(=N)NC[C@@H]1Cc2ccccc2CN1C(=O)[C@@H](N)Cc1c(C)cc(O)cc1C,CHEMBL310146,8.00,nM,9.9,nM,9.9,Active
Cc1cc(O)cc(C)c1C[C@H](N)C(=O)N1Cc2c(cc(Br)c(O)c2Br)C[C@H]1C(=O)O,CHEMBL2114986,5.97,nM,1080.0,nM,1080.0,Active
Cc1cc(O)cc(C)c1C[C@H](N)C(=O)N1Cc2ccccc2C[C@H]1CN,CHEMBL80197,8.31,nM,4.9,nM,4.9,Active
Cc1cc(O)cc(C)c1CC(N)C(=O)N1Cc2cc(-c3cc4ccccc4o3)ccc2C[C@H]1C(=O)O,CHEMBL46160,7.28,nM,52.7,nM,52.7,Active
COc1c(Br)cc2c(c1Br)CN(C(=O)[C@H](N)Cc1c(C)cc(O)cc1C)[C@H](C(=O)O)C2,CHEMBL2115430,6.24,nM,571.0,nM,571.0,Active
Cc1cc(O)cc(C)c1C[C@H](N)C(=O)N1Cc2ccccc2C[C@H]1C,CHEMBL77196,8.77,nM,1.7,nM,1.7,Active
Cc1cc(O)cc(C)c1C[C@@H](N)C(=O)N1Cc2cc(-c3ccccc3)ccc2C[C@H]1C(=O)O,CHEMBL2115429,6.91,nM,122.0,nM,122.0,Active
Cc1cc(O)cc(C)c1C[C@@H](N)C(=O)N1Cc2cc(-c3ccc(F)cc3)ccc2C[C@H]1C(=O)O,CHEMBL2115427,7.09,nM,81.7,nM,81.7,Active
Cc1cc(O)cc(C)c1C[C@H](N)C(=O)N1Cc2ccccc2C[C@H]1COCc1ccccc1,CHEMBL76089,9.48,nM,0.33,nM,0.33,Active
Cc1cc(O)cc(C)c1C[C@H](N)C(=O)N1Cc2ccccc2C[C@H]1CNCc1ccccc1,CHEMBL77001,9.39,nM,0.41,nM,0.41,Active
COC[C@@H]1Cc2ccccc2CN1C(=O)[C@@H](N)Cc1c(C)cc(O)cc1C,CHEMBL76493,8.89,nM,1.3,nM,1.3,Active
Cc1cc(O)cc(C)c1C[C@H](N)C(=O)N1Cc2ccccc2C[C@H]1CNC(=O)NC(C)(C)C,CHEMBL310842,9.77,nM,0.17,nM,0.17,Active
COc1ccc(-c2cc3c(cc2OC)CN(C(=O)C(N)Cc2c(C)cc(O)cc2C)[C@H](C(=O)O)C3)cc1,CHEMBL45842,5.82,nM,1520.0,nM,1520.0,Active
Cc1cc(O)cc(C)c1C[C@H](N)C(=O)N1Cc2ccccc2C[C@H]1CNC(=O)NC12CC3CC(CC(C3)C1)C2,CHEMBL77804,9.54,nM,0.29,nM,0.29,Active
CC[C@H](C)[C@H]1NC(=O)[C@H](CCCN=C(N)N)NC(=O)[C@@H](CCCN=C(N)N)NC(=O)[C@H](NC(=O)[C@H](Cc2ccccc2)NC(=O)CNC(=O)[C@@H](C)NC(=O)[C@@H](N)Cc2ccc(O)cc2)CSSC[C@H](C(=O)O)NC(=O)[C@H]2CCCN2C(=O)[C@H](CCCN=C(N)N)NC1=O,CHEMBL384566,6.97,nM,107.0,nM,107.0,Active
CC[C@H](C)[C@H]1NC(=O)[C@H](CCCN=C(N)N)NC(=O)[C@@H](CCCN=C(N)N)NC(=O)[C@H](NC(=O)[C@H](Cc2ccccc2)NC(=O)CNC(=O)CNC(=O)[C@@H](N)Cc2ccc(O)cc2)CSSC[C@H](C(=O)N[C@H](CCCN=C(N)N)C(=O)N[C@H](CCCCN)C(=O)O)NC1=O,CHEMBL415406,7.74,nM,18.2,nM,18.2,Active
CC[C@H](C)[C@H](NC(=O)[C@H](CCCNC(=N)N)NC(=O)[C@H](CCCNC(=N)N)NC(=O)[C@H](CC(C)C)NC(=O)[C@H](Cc1ccccc1)NC(=O)CNC(=O)CNC(=O)[C@@H](N)Cc1ccc(O)cc1)C(=O)N[C@@H](CCCNC(=N)N)C(=O)N1CCC[C@H]1C(=O)N[C@@H](CCCCN)C(=O)N[C@@H](CC(C)C)C(=O)N[C@@H](CCCCN)C(=O)O,CHEMBL405618,8.39,nM,4.07,nM,4.07,Active
CC[C@H](C)[C@H]1NC(=O)[C@H](CCCN=C(N)N)NC(=O)[C@@H](NC(=O)[C@H](CC(C)C)NC(=O)[C@H](Cc2ccccc2)NC(=O)CNC(=O)CNC(=O)[C@@H](N)Cc2ccc(O)cc2)CSSC[C@@H](C(=O)N[C@@H](CCCCN)C(=O)O)NC(=O)[C@H](CCCN=C(N)N)NC1=O,CHEMBL265241,9.32,nM,0.475,nM,0.475,Active
CC[C@H](C)[C@H]1NC(=O)[C@H](CCCN=C(N)N)NC(=O)[C@@H](CCCN=C(N)N)NC(=O)[C@H](NC(=O)[C@H](Cc2ccccc2)NC(=O)CNC(=O)CNC(=O)[C@@H](N)Cc2ccc(O)cc2)CSSC[C@H](C(=O)N2CCC[C@@H]2C(=O)N[C@H](CCCCN)C(=O)O)NC1=O,CHEMBL386722,7.51,nM,31.2,nM,31.2,Active
CC[C@H](C)[C@@H](CN[C@@H](CCCN=C(N)N)C(=O)N1CCC[C@H]1C(=O)N[C@@H](CCCCN)C(N)=O)NC(=O)[C@H](CCCN=C(N)N)NC(=O)[C@H](CCCN=C(N)N)NC(=O)[C@H](CC(C)C)NC(=O)[C@H](Cc1ccccc1)NC(=O)CNC(=O)CNC(=O)[C@@H](N)Cc1ccc(O)cc1,CHEMBL2370496,7.89,nM,13.0,nM,13.0,Active
CC[C@H](C)[C@H](NC[C@H](CCCCN)NC(=O)[C@H](CCCN=C(N)N)NC(=O)[C@H](CC(C)C)NC(=O)[C@H](Cc1ccccc1)NC(=O)CNC(=O)CNC(=O)[C@@H](N)Cc1ccc(O)cc1)C(=O)N[C@@H](CCCN=C(N)N)C(=O)N1CCC[C@H]1C(=O)N[C@@H](CCCCN)C(N)=O,CHEMBL2370494,7.77,nM,17.0,nM,17.0,Active
CC(C)C[C@H](NC(=O)[C@H](Cc1ccccc1)NC(=O)CNC(=O)CNC(=O)[C@@H](N)Cc1ccc(O)cc1)C(=O)N[C@@H](CCCN=C(N)N)C(=O)N[C@@H](CCCN=C(N)N)C(=O)N[C@H]1CSSC[C@H](C(=O)O)NC(=O)[C@@H](CC(C)C)NC(=O)[C@H](CCCCN)NC(=O)[C@H]2CCCN2C(=O)[C@H](CCCN=C(N)N)NC1=O,CHEMBL438274,8.71,nM,1.93,nM,1.93,Active
CC[C@H](C)[C@H]1NC(=O)[C@H](CCCN=C(N)N)NC(=O)[C@@H](CCCN=C(N)N)NC(=O)[C@H](NC(=O)[C@H](Cc2ccccc2)NC(=O)CNC(=O)CNC(=O)[C@@H](N)Cc2ccc(O)cc2)CSSC[C@H](C(=O)O)NC(=O)[C@@H](CC(C)C)NC(=O)[C@H](CCCCN)NC(=O)[C@@H]2CCCN2C(=O)[C@H](CCCN=C(N)N)NC1=O,CHEMBL411196,8.02,nM,9.6,nM,9.6,Active
CC[C@H](C)[C@H](NC(=O)[C@H](CCCN=C(N)N)NC(=O)[C@H](CCCN=C(N)N)NC(=O)[C@H](CC(C)C)NC[C@H](Cc1ccccc1)NC(=O)CNC(=O)CNC(=O)[C@@H](N)Cc1ccc(O)cc1)C(=O)N[C@@H](CCCN=C(N)N)C(=O)N1CCC[C@H]1C(=O)N[C@@H](CCCCN)C(N)=O,CHEMBL2311023,7.62,nM,24.0,nM,24.0,Active
CC[C@H](C)[C@H](NC(=O)[C@H](CCCN=C(N)N)NC(=O)[C@H](CCCN=C(N)N)NC(=O)[C@H](CC(C)C)NC(=O)[C@H](Cc1ccccc1)NC(=O)CNC(=O)CNC[C@@H](N)Cc1ccc(O)cc1)C(=O)N[C@@H](CCCN=C(N)N)C(=O)N1CCC[C@H]1C(=O)N[C@@H](CCCCN)C(N)=O,CHEMBL2311024,6.70,nM,198.0,nM,198.0,Active
CC[C@H](C)[C@H](NC(=O)[C@H](CCCN=C(N)N)NC(=O)[C@H](CCCN=C(N)N)NC[C@H](CCCCN)NC(=O)[C@H](Cc1ccccc1)NC(=O)CNC(=O)CNC(=O)[C@@H](N)Cc1ccc(O)cc1)C(=O)N[C@@H](CCCN=C(N)N)C(=O)N1CCC[C@H]1C(=O)N[C@@H](CCCCN)C(N)=O,CHEMBL2370497,7.28,nM,53.0,nM,53.0,Active
CC[C@H](C)[C@H]1NC(=O)[C@H](CCCN=C(N)N)NC(=O)[C@@H](CCCN=C(N)N)NC(=O)[C@H](NC(=O)[C@@H]2Cc3ccccc3CN2C(=O)CNC(=O)CNC(=O)[C@@H](N)Cc2ccc(O)cc2)CSSC[C@H](C(=O)O)NC(=O)[C@H]2CCCN2C(=O)[C@H](CCCN=C(N)N)NC1=O,CHEMBL2371443,6.74,nM,181.0,nM,181.0,Active
CC[C@H](C)[C@H]1NC(=O)[C@H](CCCN=C(N)N)NC(=O)[C@@H](CCCN=C(N)N)NC(=O)[C@H](NC(=O)[C@H](Cc2ccccc2)NC(=O)CNC(=O)CNC(=O)[C@@H](N)Cc2ccccc2)CSSC[C@H](C(=O)O)NC(=O)[C@H]2CCCN2C(=O)[C@H](CCCN=C(N)N)NC1=O,CHEMBL408497,6.41,nM,389.0,nM,389.0,Active
CC[C@H](C)[C@H](NC(=O)[C@H](CCCN=C(N)N)NC(=O)[C@H](CCCN=C(N)N)NC[C@H](CC(C)C)NC(=O)[C@H](Cc1ccccc1)NC(=O)CNC(=O)CNC(=O)[C@@H](N)Cc1ccc(O)cc1)C(=O)N[C@@H](CCCN=C(N)N)C(=O)N1CCC[C@H]1C(=O)N[C@@H](CCCCN)C(N)=O,CHEMBL2311025,7.50,nM,32.0,nM,32.0,Active
CC(C)C[C@H](NC(=O)[C@H](Cc1ccccc1)NC(=O)CNC(=O)CNC(=O)[C@@H](N)Cc1ccc(O)cc1)C(=O)N[C@@H](CCCN=C(N)N)C(=O)N[C@@H](CCCN=C(N)N)C(=O)N[C@@H]1CSSC[C@@H](C(=O)N[C@@H](CCCCN)C(=O)O)NC(=O)[C@@H](CCCCN)NC(=O)[C@@H]2CCCN2C(=O)[C@@H](CCCN=C(N)N)NC1=O,CHEMBL409793,8.18,nM,6.54,nM,6.54,Active
CC[C@H](C)[C@H]1NC(=O)[C@H](CCCN=C(N)N)NC(=O)[C@@H](CCCN=C(N)N)NC(=O)[C@H](NC(=O)[C@H](Cc2ccccc2)NC(=O)CNC(=O)CNC(=O)[C@@H](N)Cc2ccc(O)cc2)C(C)(C)SSC[C@H](C(=O)O)NC(=O)[C@H]2CCCN2C(=O)[C@H](CCCN=C(N)N)NC1=O,CHEMBL414494,7.06,nM,86.3,nM,86.3,Active
CC[C@H](C)[C@H](NC(=O)[C@H](CCCN=C(N)N)NC(=O)[C@H](CCCN=C(N)N)NC(=O)[C@H](CC(C)C)NC(=O)[C@H](Cc1ccccc1)NC(=O)CNC(=O)CNC(=O)[C@@H](N)Cc1ccc(O)cc1)C(=O)N[C@@H](CCCCN)CN1CCC[C@H]1C(=O)N[C@@H](CCCCN)C(N)=O,CHEMBL2370495,7.75,nM,18.0,nM,18.0,Active
CC[C@H](C)[C@H](NC(=O)[C@H](CCCNC(=N)N)NC(=O)[C@H](CCCNC(=N)N)NC(=O)[C@H](CC(C)C)NC(=O)[C@H](Cc1ccccc1)NC(=O)CNC(=O)CNC(=O)[C@@H](N)Cc1ccc(O)cc1)C(=O)N[C@@H](CCCNC(=N)N)C(=O)N1CCC[C@H]1C(=O)N[C@@H](CCCCN)C(=O)O,CHEMBL438223,8.16,nM,6.99,nM,6.99,Active
CC[C@H](C)[C@@H]1NC(=O)[C@@H](CCCN=C(N)N)NC(=O)[C@H](CCCN=C(N)N)NC(=O)[C@H](NC(=O)[C@H](Cc2ccccc2)NC(=O)CNC(=O)CNC(=O)[C@@H](N)Cc2ccc(O)cc2)CSSC[C@H](C(=O)N[C@@H](CCCCN)C(=O)O)NC(=O)[C@@H](CCCN=C(N)N)NC1=O,CHEMBL444626,7.08,nM,82.5,nM,82.5,Active
CC[C@H](C)[C@H](NC(=O)[C@H](CCCN=C(N)N)NC(=O)[C@H](CCCN=C(N)N)NC(=O)[C@H](CC(C)C)NC(=O)[C@H](Cc1ccccc1)NCCNC(=O)CNC(=O)[C@@H](N)Cc1ccc(O)cc1)C(=O)N[C@@H](CCCN=C(N)N)C(=O)N1CCC[C@H]1C(=O)N[C@@H](CCCCN)C(N)=O,CHEMBL2311022,5.10,nM,7997.0,nM,7997.0,Active
C=CCN1C[C@H](C)N([C@H](c2ccc(C(=O)N(C(C)C)C(C)C)cc2)c2cccc(OC)c2)C[C@H]1C,CHEMBL98800,8.30,nM,5.0,nM,5.0,Active
CC1(C)SSC(C)(C)[C@@H](NC(=O)[C@]2(N)CCC3C=C(O)C=CC3C2)C(=O)NCC(=O)N[C@@H](Cc2ccccc2)C(=O)N[C@H]1C(=O)O,CHEMBL310742,5.46,nM,3500.0,nM,3500.0,Active
C[C@@H](c1ccc(O)cc1)[C@@H](N)C(=O)N[C@H]1C(=O)NCC(=O)N[C@@H](Cc2ccccc2)C(=O)N[C@@H](C(=O)O)C(C)(C)SSC1(C)C,CHEMBL307614,4.31,nM,49100.0,nM,49100.0,Inactive
C=CCN1C[C@H](C)N([C@H](c2ccc(C(=O)N3CCCCCC3)cc2)c2cccc(OC)c2)C[C@H]1C,CHEMBL430675,7.89,nM,13.0,nM,13.0,Active
Cc1cc(O)ccc1C[C@H](N)C(=O)N[C@H]1C(=O)NCC(=O)N[C@@H](Cc2ccccc2)C(=O)N[C@@H](C(=O)O)C(C)(C)SSC1(C)C,CHEMBL80648,6.37,nM,431.0,nM,431.0,Active
C=CCN1C[C@H](C)N([C@H](c2ccc(C(=O)N(CC)CCCC)cc2)c2cccc(OC)c2)C[C@H]1C,CHEMBL102150,7.99,nM,10.2,nM,10.2,Active
COc1cc(C[C@H](N)C(=O)N[C@H]2C(=O)NCC(=O)N[C@@H](Cc3ccccc3)C(=O)N[C@@H](C(=O)O)C(C)(C)SSC2(C)C)ccc1O,CHEMBL309596,,nM,600000.0,nM,600000.0,Inactive
CN(C(=O)c1ccc(Br)cc1Cl)[C@H]1CCCC[C@@]12CCCN2C.Cl,CHEMBL553782,5.05,nM,9000.0,nM,9000.0,Active
CN1CCC[C@@]12CCCC[C@@H]2N(CC1CC1)C(=O)c1ccc(Br)cc1,CHEMBL22569,5.20,nM,6300.0,nM,6300.0,Active
C=CCN1C[C@H](C)N([C@H](c2ccc(C(=O)N(C)CC)cc2)c2cccc(OC)c2)C[C@H]1C,CHEMBL431276,8.10,nM,8.0,nM,8.0,Active
CC1(C)SSC(C)(C)[C@@H](NC(=O)[C@@H](N)Cc2ccc(O)c([N+](=O)[O-])c2)C(=O)NCC(=O)N[C@@H](Cc2ccccc2)C(=O)N[C@H]1C(=O)O,CHEMBL412569,4.05,nM,90000.0,nM,90000.0,Inactive
C=CCN1C[C@H](C)N([C@H](c2ccc(C(=O)N3CCCC3)cc2)c2cccc(OC)c2)C[C@H]1C,CHEMBL101231,7.58,nM,26.6,nM,26.6,Active
C=CCN1C[C@H](C)N([C@H](c2ccc(C(=O)N(C)C)cc2)c2cccc(OC)c2)C[C@H]1C,CHEMBL316845,7.75,nM,18.0,nM,18.0,Active
C=CCN1C[C@H](C)N([C@H](c2ccc(C(=O)N3CCCCC3)cc2)c2cccc(OC)c2)C[C@H]1C,CHEMBL98691,7.42,nM,38.0,nM,38.0,Active
C=CCN1C[C@H](C)N([C@H](c2ccc(C(=O)N(CCC)CCC)cc2)c2cccc(OC)c2)C[C@H]1C,CHEMBL101316,8.12,nM,7.5,nM,7.5,Active
Cc1cc(O)ccc1C[C@@H](N)C(=O)N[C@H]1C(=O)NCC(=O)N[C@@H](Cc2ccccc2)C(=O)N[C@@H](C(=O)O)C(C)(C)SSC1(C)C,CHEMBL77008,5.18,nM,6610.0,nM,6610.0,Active
C[C@@H](c1ccc(O)cc1)[C@H](N)C(=O)N[C@H]1C(=O)NCC(=O)N[C@@H](Cc2ccccc2)C(=O)N[C@@H](C(=O)O)C(C)(C)SSC1(C)C,CHEMBL76086,5.14,nM,7180.0,nM,7180.0,Active
C[C@H](c1ccc(O)cc1)[C@H](N)C(=O)N[C@H]1C(=O)NCC(=O)N[C@@H](Cc2ccccc2)C(=O)N[C@@H](C(=O)O)C(C)(C)SSC1(C)C,CHEMBL310681,5.47,nM,3400.0,nM,3400.0,Active
CN(C(=O)c1ccc(Br)c(Br)c1)[C@H]1CCCC[C@@]12CCCN2C,CHEMBL279065,5.64,nM,2300.0,nM,2300.0,Active
CC1(C)SSC(C)(C)[C@@H](NC(=O)[C@@H](N)Cc2ccc(O)c(I)c2)C(=O)NCC(=O)N[C@@H](Cc2ccccc2)C(=O)N[C@H]1C(=O)O,CHEMBL80504,4.61,nM,24600.0,nM,24600.0,Inactive
CN1CCC[C@@]12CCCC[C@@H]2NC(=O)Cc1ccc(Cl)c(Cl)c1,CHEMBL25493,5.24,nM,5800.0,nM,5800.0,Active
COc1ccc2c3c1O[C@H]1C(=O)CC[C@@]4(NC(=O)/C=C/c5ccc([N+](=O)[O-])cc5)[C@@H](C2)N(CC2CC2)CC[C@]314,CHEMBL610885,6.61,nM,248.0,nM,248.0,Active
C[C@@]12Oc3c(O)ccc4c3C13CCN(CC1CC1)C(C4)[C@]3(NC(=O)/C=C/c1ccc([N+](=O)[O-])cc1)CCC2=O,CHEMBL108406,7.97,nM,10.7,nM,10.7,Active
COc1ccc2c3c1O[C@H]1C(=O)CC[C@@]4(NC(=O)/C=C/c5ccc([N+](=O)[O-])cc5)C(C2)N(C)CCC314,CHEMBL106876,7.71,nM,19.7,nM,19.7,Active
CN1CCC23c4c5ccc(O)c4O[C@@]2(C)C(=O)CC[C@@]3(NC(=O)/C=C/c2ccc([N+](=O)[O-])cc2)C1C5,CHEMBL107164,7.29,nM,50.9,nM,50.9,Active
COc1ccc2c3c1O[C@H]1C(=O)C=C[C@@]4(NC(=O)/C=C/c5ccc([N+](=O)[O-])cc5)C(C2)N(CC2CC2)CCC314,CHEMBL107157,7.27,nM,54.0,nM,54.0,Active
COc1ccc2c3c1O[C@H]1C(=O)C=C[C@@]4(NC(=O)/C=C/c5ccc([N+](=O)[O-])cc5)C(C2)N(C)CCC314,CHEMBL108794,7.34,nM,45.5,nM,45.5,Active
C[C@@]12Oc3c(O)ccc4c3C13CCN(CC1CC1)C(C4)[C@]3(NC(=O)/C=C/c1ccc([N+](=O)[O-])cc1)C=CC2=O,CHEMBL106189,7.61,nM,24.7,nM,24.7,Active
COc1ccc2c3c1O[C@@]1(C)C(=O)C=C[C@@]4(NC(=O)/C=C/c5ccc([N+](=O)[O-])cc5)C(C2)N(CC2CC2)CCC314,CHEMBL413258,6.27,nM,542.0,nM,542.0,Active
O=C(/C=C/c1ccc([N+](=O)[O-])cc1)N[C@@]12C=CC(=O)[C@@H]3Oc4c(O)ccc5c4C31CCN(CC1CC1)C2C5,CHEMBL317035,6.97,nM,106.0,nM,106.0,Active
O=C(/C=C/c1ccc([N+](=O)[O-])cc1)N[C@@]12CCC(=O)[C@@H]3Oc4c(O)ccc5c4[C@@]31CCN(CC1CC1)[C@@H]2C5,CHEMBL611136,7.67,nM,21.2,nM,21.2,Active
CN1CC[C@]23c4c5ccc(O)c4O[C@H]2C(=O)CC[C@@]3(NC(=O)/C=C/c2ccc([N+](=O)[O-])cc2)[C@H]1C5,CHEMBL607068,8.46,nM,3.5,nM,3.5,Active
CN1CCC23c4c5ccc(O)c4O[C@H]2C(=O)C=C[C@@]3(NC(=O)/C=C/c2ccc([N+](=O)[O-])cc2)C1C5,CHEMBL110238,8.36,nM,4.35,nM,4.35,Active
COc1ccc2c3c1O[C@@]1(C)C(=O)C=C[C@@]4(NC(=O)/C=C/c5ccc([N+](=O)[O-])cc5)C(C2)N(C)CCC314,CHEMBL110666,6.43,nM,374.0,nM,374.0,Active
C[C@@]12Oc3c(O)ccc4c3C13CCN(CC1CC1)C(C4)[C@]3(NC(=O)CCc1ccc([N+](=O)[O-])cc1)CCC2=O,CHEMBL105827,7.65,nM,22.6,nM,22.6,Active
COc1ccc2c3c1O[C@@]1(C)C(=O)CC[C@@]4(NC(=O)/C=C/c5ccc([N+](=O)[O-])cc5)C(C2)N(CC2CC2)CCC314,CHEMBL327111,6.17,nM,672.0,nM,672.0,Active
CN1CCC23c4c5ccc(O)c4O[C@@]2(C)C(=O)C=C[C@@]3(NC(=O)/C=C/c2ccc([N+](=O)[O-])cc2)C1C5,CHEMBL323430,7.59,nM,25.9,nM,25.9,Active
C=CCN1CCN(C(c2ccccc2)c2ccc(C(=O)N(C)C)cc2)CC1,CHEMBL283335,7.35,nM,44.3,nM,44.3,Active
C=CCN1C[C@H](C)N([C@@H](c2ccc(-c3ccccn3)cc2)c2cccc(OC)c2)C[C@H]1C,CHEMBL611165,7.66,nM,22.0,nM,22.0,Active
C=CCN1CCN(C(c2ccccc2)c2ccc(C(=O)N(CCC)CCC)cc2)CC1,CHEMBL28337,8.14,nM,7.2,nM,7.2,Active
CCN(CC)C(=O)c1ccc(C(c2ccccc2)N2CCN(CC3CCc4ccccc4C3)CC2)cc1,CHEMBL27432,8.74,nM,1.8,nM,1.8,Active
C=CCN1CCN(C(c2ccccc2)c2ccc(-c3ccccc3)cc2)CC1,CHEMBL283520,5.76,nM,1724.0,nM,1724.0,Active
CCCN1CCN(C(c2ccccc2)c2ccc(C(=O)N(CC)CC)cc2)CC1,CHEMBL27944,7.94,nM,11.4,nM,11.4,Active
C=CCN1C[C@H](C)N(C(c2ccccc2)c2ccccc2)C[C@H]1C,CHEMBL280801,6.38,nM,420.0,nM,420.0,Active
CCN(CC)C(=O)c1ccc(C(c2ccccc2)N(CCN(C)C)Cc2ccccc2)cc1,CHEMBL28443,7.16,nM,70.0,nM,70.0,Active
C=CCN1CCN(C(c2ccccc2)c2ccc(C(=O)N(Cc3cccnc3)CC(OCCC)OCCC)cc2)CC1,CHEMBL283466,8.40,nM,4.0,nM,4.0,Active
C=CCN1CCCN(C(c2ccccc2)c2ccc(C(=O)N(CC)CC)cc2)CC1,CHEMBL28010,7.89,nM,13.0,nM,13.0,Active
C=CCN1CCN([C@@H](c2ccccc2)c2ccc(C(=O)N(CC)CC)cc2)CC1,CHEMBL1169547,8.39,nM,4.1,nM,4.1,Active
C=CCN1CCN(C(c2ccccc2)c2ccc(C(=O)NCC)cc2)CC1,CHEMBL24568,6.44,nM,360.0,nM,360.0,Active
CCN(CC)C(=O)c1ccc(C(c2ccccc2)N2CC(C)NC(C)C2)cc1,CHEMBL27578,7.38,nM,42.0,nM,42.0,Active
C=CCN1CCN([C@H](c2ccc(C(=O)N(CC)CC)cc2)c2cccc(OC)c2)CC1,CHEMBL2374437,8.13,nM,7.4,nM,7.4,Active
C=CCN1CCN(C(c2ccccc2)c2ccc(C(=O)O)cc2)CC1,CHEMBL26826,5.09,nM,8097.0,nM,8097.0,Active
CCN(CC)C(=O)c1ccc(C(c2ccccc2)N2CCN(Cc3ccc4c(c3)OCO4)CC2)cc1,CHEMBL27161,8.85,nM,1.4,nM,1.4,Active
C=CCN1CCN(C(c2ccccc2)c2ccc(-c3cccnc3)cc2)CC1,CHEMBL24293,6.30,nM,500.0,nM,500.0,Active
CCN(CC)C(=O)c1ccc(C(c2ccccc2)N2CCN(CCO)CC2)cc1,CHEMBL27779,8.26,nM,5.5,nM,5.5,Active
CCN(CC)C(=O)c1ccc(C(c2ccccc2)N2CCN(c3ccc(O)cc3)CC2)cc1,CHEMBL416930,8.00,nM,10.0,nM,10.0,Active
CCN(CC)C(=O)c1ccc(C(c2ccccc2)N2CCN(C3CCCC3)CC2)cc1,CHEMBL281471,8.24,nM,5.8,nM,5.8,Active
CCC(=O)N1c2ccccc2OC[C@H]2CN(CCc3ccccc3)CCC21,CHEMBL2079569,6.96,nM,111.0,nM,111.0,Active
C=CCN1C[C@H](C)N([C@H](c2ccccc2)c2ccc(C(=O)N(CC)CC)cc2)C[C@H]1C,CHEMBL611160,8.96,nM,1.1,nM,1.1,Active
CCN(CC)C(=O)c1ccc(C(NCC(C)(C)N)c2ccccc2)cc1,CHEMBL28097,6.92,nM,120.0,nM,120.0,Active
C=CCN1CCN(C(c2ccccc2)c2ccc(C(=O)OC)cc2)CC1,CHEMBL27934,6.22,nM,607.0,nM,607.0,Active
C=CCN1CCN(C(c2ccccc2)c2ccc(-c3ccccn3)cc2)CC1,CHEMBL281680,6.60,nM,250.0,nM,250.0,Active
CCN(CC)C(=O)c1ccc(C(c2ccccc2)N2CCNC3CCCCC32)cc1,CHEMBL27579,7.54,nM,29.0,nM,29.0,Active
CCN(CC)C(=O)c1ccc(C(c2ccccc2)N(CC)CCN(C)C)cc1,CHEMBL283070,6.07,nM,845.0,nM,845.0,Active
C=CCN1CCN(C(c2ccccc2)c2ccc(-c3cccs3)cc2)CC1,CHEMBL24927,5.58,nM,2600.0,nM,2600.0,Active
C=CCN1CCN(C(c2ccccc2)c2ccc(C(=O)Nc3ccc(OC)cc3)cc2)CC1,CHEMBL24039,5.72,nM,1904.0,nM,1904.0,Active
C=CCN1CCN(C(c2ccccc2)c2ccc(C(=O)N(CCC)CC3CC3)cc2)CC1,CHEMBL24569,8.52,nM,3.0,nM,3.0,Active
O=C(CSSCC(=O)N[C@@]12CCC(=O)[C@@H]3Oc4c(O)ccc5c4[C@@]31CCN(CC1CCC1)[C@@H]2C5)N[C@@]12CCC(=O)[C@@H]3Oc4c(O)ccc5c4[C@@]31CCN(CC1CCC1)[C@@H]2C5,CHEMBL14680,7.92,nM,11.9,nM,11.9,Active
C=CCN1C[C@H](C)N([C@@H](c2ccc(C(=S)N(CC)CC)cc2)c2cccc(OC)c2)C[C@H]1C,CHEMBL611161,8.28,nM,5.3,nM,5.3,Active
C=CCN1CCN(C(c2ccccc2)c2ccc(C(=O)OCC)cc2)CC1,CHEMBL286161,5.86,nM,1394.0,nM,1394.0,Active
CCC(=O)N1c2ccccc2OC[C@@H]2CN(CCc3ccccc3)CCC21,CHEMBL2079638,6.41,nM,387.0,nM,387.0,Active
C=CCN1C[C@H](C)N([C@@H](c2ccc(C(=O)O)cc2)c2cccc(OC)c2)C[C@H]1C,CHEMBL611162,6.35,nM,450.0,nM,450.0,Active
CCN(CC)C(=O)c1ccc([C@H](c2ccccc2)N2C[C@@H](C)N(Cc3ccc4c(c3)OCO4)C[C@@H]2C)cc1,CHEMBL286053,9.27,nM,0.54,nM,0.54,Active
C=CCN1C[C@H](C)N([C@@H](c2ccc(C(=O)OC)cc2)c2cccc(OC)c2)C[C@H]1C,CHEMBL611163,6.62,nM,240.0,nM,240.0,Active
C=CCN1CCN(C(c2ccccc2)c2ccc(C(=O)N3CCCCC3)cc2)CC1,CHEMBL262634,7.08,nM,82.4,nM,82.4,Active
CC[C@H](C)[C@H](NC(=O)[C@H](CCCN=C(N)N)NC(=O)[C@H](CCCN=C(N)N)NC(=O)[C@H](CC(C)C)NC(=O)[C@H](Cc1ccccc1)NC(=O)CNC(=O)CNC(=O)[C@@H](N)Cc1ccc(O)cc1)C(=O)N[C@@H](CCCN=C(N)N)C(=O)N1CCC[C@H]1C(=O)N[C@H](CCCCN)C(N)=O,CHEMBL411338,7.73,nM,18.6,nM,18.6,Active
Oc1ccc2c3c1O[C@H]1[C@H](OC[C@@H]4CO4)CC[C@@]4(O)[C@@H](C2)N(CC2CC2)CC[C@]314,CHEMBL80434,7.89,nM,13.0,nM,13.0,Active
CC[C@H](C)[C@@H]1NC(=O)[C@H](CCCN=C(N)N)NC(=O)[C@H](CCCN=C(N)N)NC(=O)[C@H](NC(=O)[C@H](Cc2ccccc2)NC(=O)CNC(=O)CNC(=O)[C@@H](N)Cc2ccc(O)cc2)C(C)(C)SCCSC(C)(C)[C@@H](C(N)=O)NC(=O)[C@@H]2CCCN2C(=O)[C@H](CCCN=C(N)N)NC1=O,CHEMBL2370612,6.14,nM,717.0,nM,717.0,Active
CC[C@H](C)[C@H]1NC(=O)[C@H](CCCN=C(N)N)NC(=O)[C@@H](CCCN=C(N)N)NC(=O)[C@@H](NC(=O)[C@H](Cc2ccccc2)NC(=O)CNC(=O)CNC(=O)[C@@H](N)Cc2ccc(O)cc2)C(C)(C)SCCSC(C)(C)[C@H](C(N)=O)NC(=O)[C@H]2CCCN2C(=O)[C@H](CCCN=C(N)N)NC1=O,CHEMBL2370610,5.87,nM,1360.0,nM,1360.0,Active
Oc1ccc2c3c1O[C@H]1[C@H](OCCN=S)CC[C@@]4(O)[C@@H](C2)N(CC2CC2)CC[C@]314,CHEMBL2310843,8.21,nM,6.2,nM,6.2,Active
CC[C@H](C)[C@@H]1NC(=O)[C@H](CCCN=C(N)N)NC(=O)[C@H](CCCN=C(N)N)NC(=O)[C@@H](NC(=O)[C@H](Cc2ccccc2)NC(=O)CNC(=O)CNC(=O)[C@@H](N)Cc2ccc(O)cc2)CSCCSC[C@@H](C(N)=O)NC(=O)[C@@H]2CCCN2C(=O)[C@H](CCCN=C(N)N)NC1=O,CHEMBL2112652,7.86,nM,13.9,nM,13.9,Active
CC[C@H](C)[C@@H]1NC(=O)[C@H](CCCN=C(N)N)NC(=O)[C@H](CCCN=C(N)N)NC(=O)[C@@H](NC(=O)[C@H](Cc2ccccc2)NC(=O)CNC(=O)CNC(=O)[C@@H](N)Cc2ccc(O)cc2)CSCCSC(C)(C)[C@@H](C(N)=O)NC(=O)[C@@H]2CCCN2C(=O)[C@H](CCCN=C(N)N)NC1=O,CHEMBL2370611,6.50,nM,319.0,nM,319.0,Active
CC[C@H](C)[C@@H]1NC(=O)[C@H](CCCN=C(N)N)NC(=O)[C@H](CCCN=C(N)N)NC(=O)[C@H](NC(=O)[C@H](Cc2ccccc2)NC(=O)CNC(=O)CNC(=O)[C@@H](N)Cc2ccc(O)cc2)C(C)(C)SCCSC[C@@H](C(N)=O)NC(=O)[C@@H]2CCCN2C(=O)[C@H](CCCN=C(N)N)NC1=O,CHEMBL2370629,6.62,nM,242.0,nM,242.0,Active
CC[C@H](C)[C@@H]1NC(=O)[C@H](CCCN=C(N)N)NC(=O)[C@H](CCCN=C(N)N)NC(=O)[C@H](NC(=O)[C@H](Cc2ccccc2)NC(=O)CNC(=O)CNC(=O)[C@@H](N)Cc2ccc(O)cc2)CSCCSC(C)(C)[C@H](C(N)=O)NC(=O)[C@@H]2CCCN2C(=O)[C@H](CCCN=C(N)N)NC1=O,CHEMBL2370631,5.63,nM,2340.0,nM,2340.0,Active
C=C1C[C@@H](CO[C@@H]2CC[C@@]3(OC(C)=O)[C@H]4Cc5ccc(O)c6c5[C@@]3(CCN4CC3CC3)[C@H]2O6)OC1=O,CHEMBL310785,8.11,nM,7.7,nM,7.7,Active
CC[C@H](C)[C@@H]1NC(=O)[C@H](CCCN=C(N)N)NC(=O)[C@H](CCCN=C(N)N)NC(=O)[C@H](NC(=O)[C@H](Cc2ccccc2)NC(=O)CNC(=O)CNC(=O)[C@@H](N)Cc2ccc(O)cc2)C(C)(C)SCCSC(C)(C)[C@H](C(N)=O)NC(=O)[C@@H]2CCCN2C(=O)[C@H](CCCN=C(N)N)NC1=O,CHEMBL2370622,6.61,nM,245.0,nM,245.0,Active
CC[C@H](C)[C@H]1NC(=O)[C@H](CCCN=C(N)N)NC(=O)[C@@H](CCCN=C(N)N)NC(=O)[C@@H](NC(=O)[C@H](Cc2ccccc2)NC(=O)CNC(=O)CNC(=O)[C@@H](N)Cc2ccc(O)cc2)C(C)(C)SCCSC(C)(C)[C@@H](C(N)=O)NC(=O)[C@H]2CCCN2C(=O)[C@H](CCCN=C(N)N)NC1=O,CHEMBL263509,5.72,nM,1908.0,nM,1908.0,Active
CC[C@H](C)[C@@H]1NC(=O)[C@H](CCCN=C(N)N)NC(=O)[C@H](CCCN=C(N)N)NC(=O)[C@H](NC(=O)[C@H](Cc2ccccc2)NC(=O)CNC(=O)CNC(=O)[C@@H](N)Cc2ccc(O)cc2)CSCCSC[C@H](C(N)=O)NC(=O)[C@@H]2CCCN2C(=O)[C@H](CCCN=C(N)N)NC1=O,CHEMBL2111843,5.99,nM,1030.0,nM,1030.0,Active
CC[C@H](C)[C@@H]1NC(=O)[C@H](CCCN=C(N)N)NC(=O)[C@H](CCCN=C(N)N)NC(=O)[C@@H](NC(=O)[C@H](Cc2ccccc2)NC(=O)CNC(=O)CNC(=O)[C@@H](N)Cc2ccc(O)cc2)CSCCSC(C)(C)[C@H](C(N)=O)NC(=O)[C@@H]2CCCN2C(=O)[C@H](CCCN=C(N)N)NC1=O,CHEMBL2370618,7.80,nM,15.9,nM,15.9,Active
CC[C@H](C)[C@H]1NC(=O)[C@H](CCCN=C(N)N)NC(=O)[C@@H](CCCN=C(N)N)NC(=O)[C@@H](NC(=O)[C@H](Cc2ccccc2)NC(=O)CNC(=O)CNC(=O)[C@@H](N)Cc2ccc(O)cc2)CSCCSC(C)(C)[C@@H](C(N)=O)NC(=O)[C@H]2CCCN2C(=O)[C@H](CCCN=C(N)N)NC1=O,CHEMBL414713,5.86,nM,1370.0,nM,1370.0,Active
C=C1C[C@@H](CO[C@@H]2CC[C@@]3(O)[C@H]4Cc5ccc(O)c6c5[C@@]3(CCN4CC3CC3)[C@H]2O6)OC1=O,CHEMBL80531,7.72,nM,19.0,nM,19.0,Active
CC[C@H](C)[C@@H]1NC(=O)[C@H](CCCN=C(N)N)NC(=O)[C@H](CCCN=C(N)N)NC(=O)[C@@H](NC(=O)[C@H](Cc2ccccc2)NC(=O)CNC(=O)CNC(=O)[C@@H](N)Cc2ccc(O)cc2)C(C)(C)SCCSC[C@@H](C(N)=O)NC(=O)[C@@H]2CCCN2C(=O)[C@H](CCCN=C(N)N)NC1=O,CHEMBL2370628,5.70,nM,2000.0,nM,2000.0,Active
CC[C@H](C)[C@H](NC(=O)[C@H](CCCN=C(N)N)NC(=O)[C@H](CCCN=C(N)N)NC(=O)[C@@H](CC(C)C)NC(=O)[C@H](Cc1ccccc1)NC(=O)CNC(=O)CNC(=O)[C@@H](N)Cc1ccc(O)cc1)C(=O)N[C@@H](CCCN=C(N)N)C(=O)N1CCC[C@H]1C(=O)N[C@@H](CCCCN)C(N)=O,CHEMBL374268,5.76,nM,1740.0,nM,1740.0,Active
C=C1C[C@H](CO[C@@H]2CC[C@@]3(O)[C@H]4Cc5ccc(O)c6c5[C@@]3(CCN4CC3CC3)[C@H]2O6)OC1=O,CHEMBL78796,8.04,nM,9.1,nM,9.1,Active
C=C1C[C@H](CO[C@@H]2CC[C@@]3(OC(C)=O)[C@H]4Cc5ccc(O)c6c5[C@@]3(CCN4CC3CC3)[C@H]2O6)OC1=O,CHEMBL78932,8.14,nM,7.2,nM,7.2,Active
Oc1ccc2c3c1O[C@H]1[C@H](OC[C@H]4CO4)CC[C@@]4(O)[C@@H](C2)N(CC2CC2)CC[C@]314,CHEMBL311912,7.92,nM,12.0,nM,12.0,Active
CC[C@H](C)[C@H]1NC(=O)[C@H](CCCN=C(N)N)NC(=O)[C@H](CCCN=C(N)N)NC(=O)[C@H](NC(=O)[C@H](Cc2ccccc2)NC(=O)CNC(=O)CNC(=O)[C@@H](N)Cc2ccc(O)cc2)CSCCSC[C@@H](C(N)=O)NC(=O)[C@@H]2CCCN2C(=O)[C@H](CCCN=C(N)N)NC1=O,CHEMBL2370626,6.00,nM,1000.0,nM,1000.0,Active
CC[C@H](C)[C@@H]1NC(=O)[C@H](CCCN=C(N)N)NC(=O)[C@H](CCCN=C(N)N)NC(=O)[C@H](NC(=O)[C@H](Cc2ccccc2)NC(=O)CNC(=O)CNC(=O)[C@@H](N)Cc2ccc(O)cc2)C(C)(C)SCCSC[C@H](C(N)=O)NC(=O)[C@@H]2CCCN2C(=O)[C@H](CCCN=C(N)N)NC1=O,CHEMBL2370627,6.63,nM,232.0,nM,232.0,Active
CC[C@H](C)[C@H]1NC(=O)[C@H](CCCN=C(N)N)NC(=O)[C@@H](CCCN=C(N)N)NC(=O)[C@@H](NC(=O)[C@H](Cc2ccccc2)NC(=O)CNC(=O)CNC(=O)[C@@H](N)Cc2ccc(O)cc2)C(C)(C)SCCSC[C@@H](C(N)=O)NC(=O)[C@H]2CCCN2C(=O)[C@H](CCCN=C(N)N)NC1=O,CHEMBL404929,6.41,nM,390.0,nM,390.0,Active
CC[C@H](C)[C@@H]1NC(=O)[C@H](CCCN=C(N)N)NC(=O)[C@H](CCCN=C(N)N)NC(=O)[C@H](NC(=O)[C@H](Cc2ccccc2)NC(=O)CNC(=O)CNC(=O)[C@@H](N)Cc2ccc(O)cc2)CSCCSC[C@@H](C(N)=O)NC(=O)[C@@H]2CCCN2C(=O)[C@H](CCCN=C(N)N)NC1=O,CHEMBL2369128,5.66,nM,2190.0,nM,2190.0,Active
CN1C(=O)C2(CCN(CC3CCCCCCC3)CC2)c2ccc(O)cc21,CHEMBL434179,6.52,nM,300.0,uM,0.3,Active
Cc1ccc2c(c1)N(C)C(=O)C21CCN(CC2CCCCCCC2)CC1,CHEMBL199011,5.06,nM,8800.0,uM,8.8,Active
Cc1ccc2c(c1)C1(CCN(CC3CCCCCCC3)CC1)C(=O)N2C,CHEMBL369945,5.03,nM,9400.0,uM,9.4,Active
CCCN1C(=O)C2(CCN(CC3CCCCCCC3)CC2)c2cc(C(C)C)ccc21,CHEMBL373220,5.24,nM,5700.0,uM,5.7,Active
N[C@@H](Cc1ccc(O)cc1)C(=O)N[C@@H]1CSSC[C@@H](NC(=O)[C@@H](N)Cc2ccc(O)cc2)C(=O)NCC(=O)N[C@@H](Cc2ccccc2)C(=O)NNC(=O)[C@H](Cc2ccccc2)NC(=O)CNC1=O,CHEMBL200129,9.06,nM,0.87,nM,0.87,Active
N[C@@H](Cc1ccc(O)cc1)C(=O)N[C@H]1CSSC[C@H](NC(=O)[C@@H](N)Cc2ccc(O)cc2)C(=O)NCC(=O)N[C@@H](Cc2ccccc2)C(=O)NNC(=O)[C@H](Cc2ccccc2)NC(=O)CNC1=O,CHEMBL372787,7.28,nM,53.0,nM,53.0,Active
CNC[C@@H](Cc1ccccc1)N(C)C[C@H](Cc1ccc(O)cc1)N(C)C[C@@H](N)Cc1ccc(O)cc1,CHEMBL212699,5.07,nM,8529.0,nM,8529.0,Active
CNC[C@H](Cc1ccccc1)N(C)C[C@@H](Cc1ccc(O)cc1)N(C)C[C@@H](N)Cc1ccc(O)cc1,CHEMBL211696,4.32,nM,48207.0,nM,48207.0,Inactive
CNC[C@H](Cc1ccccc1)N(C)C[C@H](Cc1ccc(O)cc1)N(C)C[C@@H](Cc1ccc(O)cc1)N(C)C,CHEMBL379992,5.04,nM,9048.0,nM,9048.0,Active
CNC[C@@H](Cc1ccccc1)N(C)C[C@@H](Cc1ccc(O)cc1)N(C)C[C@@H](Cc1ccc(O)cc1)N(C)C,CHEMBL379941,5.30,nM,4969.0,nM,4969.0,Active
CNC[C@@H](Cc1ccccc1)N(C)C[C@@H](Cc1ccc(O)cc1)N(C)C[C@H](Cc1ccc(O)cc1)N(C)C,CHEMBL215434,4.77,nM,16984.0,nM,16984.0,Inactive
CNC[C@@H](Cc1ccccc1)N(C)C[C@H](Cc1ccc(O)cc1)N(C)C[C@@H](Cc1ccc(O)cc1)N(C)C,CHEMBL387368,4.95,nM,11273.0,nM,11273.0,Inactive
CNC[C@H](Cc1ccccc1)N(C)C[C@@H](Cc1ccc(O)cc1)N(C)C[C@@H](Cc1ccc(O)cc1)N(C)C,CHEMBL213416,4.75,nM,17799.0,nM,17799.0,Inactive
CN[C@H](CN[C@H](CN)Cc1ccc(O)cc1)Cc1ccc(O)cc1,CHEMBL379870,4.96,nM,10928.0,nM,10928.0,Inactive
CN(C)[C@H](CN[C@H](CN)Cc1ccc(O)cc1)Cc1ccc(O)cc1,CHEMBL216046,4.75,nM,17935.0,nM,17935.0,Inactive
CN[C@@H](Cc1ccc(O)cc1)CN(C)[C@H](CNCc1ccccc1)Cc1ccc(O)cc1,CHEMBL212405,5.40,nM,3967.0,nM,3967.0,Active
CN(C)[C@@H](Cc1ccc(O)cc1)CN(C)[C@H](CNCc1ccccc1)Cc1ccc(O)cc1,CHEMBL386531,5.08,nM,8260.0,nM,8260.0,Active
CNC[C@H](Cc1ccc(O)cc1)N(Cc1ccccc1)C[C@@H](N)Cc1ccc(O)cc1,CHEMBL386152,4.45,nM,35616.0,nM,35616.0,Inactive
CNC[C@H](Cc1ccc(O)cc1)N(Cc1ccccc1)C[C@H](Cc1ccc(O)cc1)NC,CHEMBL384093,4.99,nM,10215.0,nM,10215.0,Inactive
CNC[C@H](Cc1ccc(O)cc1)N(Cc1ccccc1)C[C@H](Cc1ccc(O)cc1)N(C)C,CHEMBL378173,4.25,nM,56703.0,nM,56703.0,Inactive
CN(C[C@@H](N)Cc1ccc(O)cc1)[C@H](CNCc1ccccc1)Cc1ccc(O)cc1,CHEMBL210024,4.99,nM,10189.0,nM,10189.0,Inactive
CNC[C@H](Cc1ccccc1)N(C)C[C@H](Cc1ccc(O)cc1)N(C)C[C@H](Cc1ccc(O)cc1)N(C)C,CHEMBL379991,5.31,nM,4895.0,nM,4895.0,Active
NCCC(=O)N(c1ccccc1)C1CCN(CCc2ccccc2)CC1,CHEMBL385168,4.89,nM,13000.0,nM,13000.0,Inactive
O=C(O)CCC(=O)N(c1ccccc1)C1CCN(CCc2ccccc2)CC1,CHEMBL216239,5.03,nM,9400.0,nM,9400.0,Active
C[C@@H](NC(=O)[C@@H](N)Cc1ccc(O)cc1)C(=O)NCC(=O)N[C@@H](Cc1ccccc1)C(=O)NCCC(=O)N(c1ccccc1)C1CCN(CCc2ccccc2)CC1,CHEMBL214022,9.00,nM,0.99,nM,0.99,Active
CC(=O)NC(Cc1ccccc1)C(=O)NCCC(=O)N(c1ccccc1)C1CCN(CCc2ccccc2)CC1,CHEMBL216492,5.12,nM,7600.0,nM,7600.0,Active
CCNC(=O)NCCC(=O)N(c1ccccc1)C1CCN(CCc2ccccc2)CC1,CHEMBL385909,5.18,nM,6650.0,nM,6650.0,Active
O=C(CCNC(=O)C(F)(F)F)N(c1ccccc1)C1CCN(CCc2ccccc2)CC1,CHEMBL214657,4.92,nM,12100.0,nM,12100.0,Inactive
CCC(=O)NCCC(=O)N(c1ccccc1)C1CCN(CCc2ccccc2)CC1,CHEMBL214285,6.35,nM,450.0,nM,450.0,Active
CC(=O)NCCC(=O)N(c1ccccc1)C1CCN(CCc2ccccc2)CC1,CHEMBL386990,5.08,nM,8400.0,nM,8400.0,Active
C[C@H]1CC=CC(=O)[C@@H]1C(=O)C[C@@H]1CCCN1CCCO,CHEMBL608816,4.49,nM,32100.0,uM,32.1,Inactive
C[C@H]1CC=CC(=O)[C@@H]1C(=O)C[C@H]1CCCN1CCCO,CHEMBL608814,4.49,nM,32100.0,uM,32.1,Inactive
Cc1cccc(O)c1C(=O)C1=CCCN2CCC[C@H]12,CHEMBL608815,5.56,nM,2740.0,uM,2.74,Active
Cc1cccc2c1C(=O)C1[C@H]3CCCN3CC[C@H]1O2,CHEMBL608813,4.06,nM,86400.0,uM,86.4,Inactive
Cc1cccc2c1C(=O)[C@H]1[C@H](CCN3CCC[C@H]13)O2,CHEMBL608812,4.87,nM,13600.0,uM,13.6,Inactive
Cc1cccc(O)c1C(=O)[C@@H]1[C@H]2CCCN2CC[C@@H]1O,CHEMBL608811,4.46,nM,35100.0,uM,35.1,Inactive
CCCCCC(=O)NCCCN1CCCC1CC(=O)c1c(C)cccc1O,CHEMBL608830,4.94,nM,11400.0,uM,11.4,Inactive
CCCCCC(=O)NCCCN1CCC[C@H]1CC(=O)O,CHEMBL608831,4.51,nM,30900.0,uM,30.9,Inactive
COc1ccc(C[C@H]2CN3C(=NC[C@@H]3C)N2CCCC2CCCCC2)cc1,CHEMBL431660,5.26,nM,5458.0,nM,5458.0,Active
COc1ccc(C[C@@H]2CN3C(=NC[C@@H]3C)N2CCC2CC3CCC2C3)cc1,CHEMBL339254,5.68,nM,2066.0,nM,2066.0,Active
C[C@H]1CN(CCO)CCN1c1cc2[nH]c(SC(C)(C)C)nc2cc1Cl,CHEMBL495402,6.62,nM,238.0,nM,238.0,Active
Cc1c(C(=O)c2ccc(Cl)cc2)c2ccc(OC(F)(F)F)cc2n1Cc1cccc(O[C@H](C)C(=O)O)c1,CHEMBL461571,5.77,nM,1690.0,uM,1.69,Active
C[C@H]1CC=CC2=C1C(=O)[C@@H]1[C@@H](CCN3CCC[C@@H]13)O2,CHEMBL521711,5.00,nM,9900.0,uM,9.9,Active
COC(=O)C[C@@H]1C[C@H](C)CC(C2=CCCN3CCCC23)=N1,CHEMBL611496,4.12,nM,75400.0,uM,75.4,Inactive
C[C@H]1C[C@H](N)CC2=C1C(=O)[C@@H]1[C@@H](CCN3CCC[C@@H]13)O2,CHEMBL497516,5.81,nM,1550.0,uM,1.55,Active
C[C@H]1CC=CC(=O)[C@@H]1C(=O)C1=CCCN2CCC[C@@H]12,CHEMBL612043,5.78,nM,1650.0,uM,1.65,Active
C[C@H]1C[C@H](O)CC2=C1C(=O)[C@@H]1[C@@H](CCN3CCC[C@@H]13)O2,CHEMBL509995,4.84,nM,14600.0,uM,14.6,Inactive
COCCNC1c2ccccc2CCC1c1ccsc1,CHEMBL450500,5.14,nM,7161.0,nM,7161.0,Active
COCCN[C@@H]1c2ccccc2CC[C@H]1c1ccsc1,CHEMBL512394,5.42,nM,3795.0,nM,3795.0,Active
COCCN(C(=O)c1cc(C)nn1C)C1c2ccccc2CCC1c1ccsc1,CHEMBL518489,5.89,nM,1274.0,nM,1274.0,Active
COCCN(C(=O)c1ccco1)C1c2ccccc2C=CC1N1CCN(c2ccccc2)CC1,CHEMBL460623,5.40,nM,3947.0,nM,3947.0,Active
COCCN(C(=O)c1ccc(Cl)c(Cl)c1)C1c2ccccc2C=CC1N1CCN(c2ccccc2)CC1,CHEMBL460832,5.44,nM,3620.0,nM,3620.0,Active
COCCN(C(=O)COCc1ccccc1)C1c2ccccc2C=CC1N1CCN(c2ccccc2)CC1,CHEMBL459573,5.41,nM,3887.0,nM,3887.0,Active
COCCN(C(=O)Cc1cccc(OC)c1)C1c2ccccc2C=CC1N1CCN(c2ccccc2)CC1,CHEMBL459783,5.83,nM,1467.0,nM,1467.0,Active
COCCN(C(=O)Cc1ccc(Cl)cc1)C1c2ccccc2C=CC1N1CCN(c2ccccc2)CC1,CHEMBL459784,5.71,nM,1955.0,nM,1955.0,Active
COCCN(C(=O)c1sccc1Cl)C1c2ccccc2C=CC1N1CCN(c2ccccc2)CC1,CHEMBL460631,5.64,nM,2289.0,nM,2289.0,Active
COCCN(C(=O)c1sccc1Cl)[C@@H]1c2ccccc2C=C[C@H]1N1CCN(c2ccccc2)CC1,CHEMBL461050,5.91,nM,1243.0,nM,1243.0,Active
COCCN(C(=O)c1ccc(Cl)c(Cl)c1)C1c2cc(OC)c(OC)cc2CCC1N(C)C,CHEMBL461258,5.46,nM,3501.0,nM,3501.0,Active
N[C@@H](Cc1ccc(O)cc1)C(=O)N[C@H](CCCN(N=C=S)N=C=S)C(=O)N[C@@H](Cc1ccccc1)C(=O)NCC(=O)N[C@@H](Cc1ccc(O)cc1)C(=O)N1CCC[C@H]1C(=O)N[C@@H](CO)C(=O)O,CHEMBL584993,7.62,nM,23.8,nM,23.8,Active
N[C@@H](Cc1ccc(O)cc1)C(=O)N[C@H](CCCN(C(=O)CBr)C(=O)CBr)C(=O)N[C@@H](Cc1ccccc1)C(=O)NCC(=O)N[C@@H](Cc1ccc(O)cc1)C(=O)N1CCC[C@H]1C(=O)N[C@@H](CO)C(=O)O,CHEMBL574142,6.47,nM,342.0,nM,342.0,Active
CC(=O)N(CCC[C@@H](NC(=O)[C@@H](N)Cc1ccc(O)cc1)C(=O)N[C@@H](Cc1ccccc1)C(=O)NCC(=O)N[C@@H](Cc1ccc(O)cc1)C(=O)N1CCC[C@H]1C(=O)N[C@@H](CO)C(=O)O)C(C)=O,CHEMBL584994,6.57,nM,272.0,nM,272.0,Active
N[C@@H](Cc1ccc(O)cc1)C(=O)N[C@H](CCCCN(N=C=S)N=C=S)C(=O)N[C@@H](Cc1ccccc1)C(=O)NCC(=O)N[C@@H](Cc1ccc(O)cc1)C(=O)N1CCC[C@H]1C(=O)N[C@@H](CO)C(=O)O,CHEMBL584995,7.01,nM,97.1,nM,97.1,Active
N[C@@H](Cc1ccc(O)cc1)C(=O)N[C@H](CCCCN(C(=O)CBr)C(=O)CBr)C(=O)N[C@@H](Cc1ccccc1)C(=O)NCC(=O)N[C@@H](Cc1ccc(O)cc1)C(=O)N1CCC[C@H]1C(=O)N[C@@H](CO)C(=O)O,CHEMBL575349,6.42,nM,382.0,nM,382.0,Active
CC(=O)N(CCCC[C@@H](NC(=O)[C@@H](N)Cc1ccc(O)cc1)C(=O)N[C@@H](Cc1ccccc1)C(=O)NCC(=O)N[C@@H](Cc1ccc(O)cc1)C(=O)N1CCC[C@H]1C(=O)N[C@@H](CO)C(=O)O)C(C)=O,CHEMBL574143,6.36,nM,436.0,nM,436.0,Active
COc1ccc(/C=C/C(=O)O[C@H]2C[C@]34CCN(C)[C@@]35C[C@H](O[C@]5(OC)[C@H]2OC)c2ccc(OC)c(O)c24)cc1O,CHEMBL1098354,4.95,nM,11300.0,uM,11.3,Inactive
COc1ccc2c(c1O)[C@@]13CCN(C)[C@@]14C[C@@H]2O[C@]4(OC)[C@@H](O)[C@@H](OC(=O)/C=C/c1ccccc1)C3,CHEMBL1097077,5.60,nM,2500.0,uM,2.5,Active
COc1ccc2c(c1O)[C@@]13CC(=O)N(C)[C@@]14C[C@@H]2O[C@]4(OC)[C@@H](OC)[C@@H](OC(=O)/C=C/c1ccccc1)C3,CHEMBL1097804,5.29,nM,5100.0,uM,5.1,Active
COC1=C(OC)[C@]23CCc4ccc(OC)c(O)c4[C@]2(CCN3C)CC1=O,CHEMBL1098359,4.34,nM,46000.0,uM,46.0,Inactive
COc1ccc2c(c1O)[C@@]13CCN(C)[C@@]14C[C@@H]2O[C@]4(O)[C@@H](OC)[C@@H](O)C3,CHEMBL1097805,6.16,nM,700.0,uM,0.7,Active
COC1=C(OC)[C@]23CCc4ccc(OC)c(O)c4[C@@]2(CC1=O)CC(=O)N3C,CHEMBL1097185,4.77,nM,17000.0,uM,17.0,Inactive
COc1ccc2c(c1O)[C@@]13CCN(C)[C@@]14C[C@@H]2O[C@]4(OC)[C@@H](OC)[C@@H](O)C3,CHEMBL1096481,5.68,nM,2100.0,uM,2.1,Active
COC1=CC[C@]23CCN(C)[C@@]24C[C@H](O[C@@]14O)c1ccc(OC)c(O)c13,CHEMBL1096482,5.26,nM,5500.0,uM,5.5,Active
COC1=C2[C@@H]3Cc4ccc(OC)c(O)c4[C@]2(CCN3)C[C@H](O)[C@@H]1O,CHEMBL524026,4.43,nM,37000.0,uM,37.0,Inactive
CCCCC/C=C/c1c(O)cc(CC=C(C)C)c(O)c1CO,CHEMBL1813662,5.27,nM,5400.0,uM,5.4,Active
COc1ccc(CCN2CCC(Nc3nc4ccccc4n3Cc3ccc(F)cc3)CC2)cc1,CHEMBL296419,4.89,nM,12979.0,uM,12.979,Inactive
CCCCc1oc2ccccc2c1C(=O)c1cc(I)c(OCCN(CC)CC)c(I)c1,CHEMBL633,5.10,nM,8014.0,uM,8.014,Active
Clc1ccc(COC(Cn2ccnc2)c2ccc(Cl)cc2Cl)cc1,CHEMBL808,5.84,nM,1442.0,uM,1.442,Active
CN(CCOc1ccc(C[C@H](Nc2ccccc2C(=O)c2ccccc2)C(=O)O)cc1)c1ccccn1,CHEMBL434063,5.49,nM,3209.0,uM,3.209,Active
OCCN1CCN(CCCN2c3ccccc3Sc3ccc(C(F)(F)F)cc32)CC1,CHEMBL726,4.62,nM,24036.0,uM,24.036,Inactive
CC1(COc2ccc(CC3SC(=O)NC3=O)cc2)CCCCC1,CHEMBL7002,4.57,nM,26894.0,uM,26.894,Inactive
Clc1ccccc1C(c1ccccc1)(c1ccccc1)n1ccnc1,CHEMBL104,5.30,nM,4978.0,uM,4.978,Active
CC/C(=C(/CC)c1ccc(O)cc1)c1ccc(O)cc1,CHEMBL411,5.57,nM,2718.0,uM,2.718,Active
CN(C)CCCN1c2ccccc2Sc2ccc(Cl)cc21,CHEMBL71,4.68,nM,20894.0,uM,20.894,Inactive
CC(=O)O[C@H]1C(=O)[C@@]2(C)[C@H]([C@H](OC(=O)c3ccccc3)[C@]3(O)C[C@H](OC(=O)[C@H](O)[C@@H](NC(=O)c4ccccc4)c4ccccc4)C(C)=C1C3(C)C)[C@]1(OC(C)=O)CO[C@@H]1C[C@@H]2O,CHEMBL428647,5.38,nM,4202.0,uM,4.202,Active
Clc1ccc(CO/N=C(\Cn2ccnc2)c2ccc(Cl)cc2Cl)c(Cl)c1,CHEMBL1262,5.28,nM,5308.1,uM,5.3081,Active
Cc1c(O)cccc1C(=O)N[C@@H](CSc1ccccc1)[C@H](O)CN1C[C@H]2CCCC[C@H]2C[C@H]1C(=O)NC(C)(C)C,CHEMBL584,4.18,nM,66149.0,uM,66.149,Inactive
C=CCN1CC[C@]23c4c5ccc(O)c4O[C@H]2/C(=N/N=C2\CC[C@@]4(O)[C@H]6Cc7ccc(O)c8c7[C@@]4(CCN6CC=C)[C@H]2O8)CC[C@@]3(O)[C@H]1C5,CHEMBL1618305,6.87,nM,136.0,uM,0.136,Active
Clc1ccc(COC(Cn2ccnc2)c2ccc(Cl)cc2Cl)c(Cl)c1,CHEMBL91,5.47,nM,3387.0,uM,3.387,Active
CC(C)(O)c1ccccc1CC[C@@H](SCC1(CC(=O)O)CC1)c1cccc(/C=C/c2ccc3ccc(Cl)cc3n2)c1,CHEMBL787,5.32,nM,4795.0,uM,4.795,Active
CC(=O)N1CCN(c2ccc(OCC3COC(Cn4ccnc4)(c4ccc(Cl)cc4Cl)O3)cc2)CC1,CHEMBL157101,4.89,nM,12797.0,uM,12.797,Inactive
CN(C)C(=O)C(CCN1CCC(O)(c2ccc(Cl)cc2)CC1)(c1ccccc1)c1ccccc1,CHEMBL841,6.05,nM,896.0,uM,0.896,Active
CC/C(=C(\c1ccccc1)c1ccc(OCCN(C)C)cc1)c1ccccc1,CHEMBL83,4.88,nM,13339.0,uM,13.339,Inactive
CC(C)(C)NC(=O)[C@@H]1C[C@@H]2CCCC[C@@H]2CN1C[C@@H](O)[C@H](Cc1ccccc1)NC(=O)[C@H](CC(N)=O)NC(=O)c1ccc2ccccc2n1,CHEMBL114,4.55,nM,28168.0,uM,28.168,Inactive
O=C(c1ccc(OCCN2CCCCC2)cc1)c1c(-c2ccc(O)cc2)sc2cc(O)ccc12,CHEMBL81,5.18,nM,6644.0,uM,6.644,Active
CCN(C)C(=O)c1ccc([C@H](c2ccccn2)N2CCN(Cc3ccccn3)CC2)cc1,CHEMBL1939754,8.28,nM,5.2,nM,5.2,Active
CCN(C)C(=O)c1ccc([C@H](c2cccnc2)N2CCN(Cc3ccccn3)CC2)cc1,CHEMBL1939753,8.70,nM,2.0,nM,2.0,Active
CCN(C)C(=O)c1ccc([C@H](c2cccnc2)N2CCN(Cc3cscn3)CC2)cc1,CHEMBL1938410,8.33,nM,4.7,nM,4.7,Active
CCOC(=O)Nc1cccc([C@@H](c2ccc(C(=O)N3CCC3)cc2)N2CCN(Cc3cccnc3)CC2)c1,CHEMBL1939752,8.39,nM,4.1,nM,4.1,Active
CCN(C)C(=O)c1ccc([C@H](c2cccc(NC(=O)OC)c2)N2CCN(Cc3cscn3)CC2)cc1,CHEMBL1939751,10.03,nM,0.094,nM,0.094,Active
CCOC(=O)Nc1cccc([C@@H](c2ccc(C(=O)N(C)CC)cc2)N2CCN(Cc3c[nH]c(C)n3)CC2)c1,CHEMBL1939750,9.15,nM,0.7,nM,0.7,Active
CCOC(=O)Nc1cccc([C@@H](c2ccc(C(=O)N(C)CC)cc2)N2CCN(Cc3nc[nH]c3C)CC2)c1,CHEMBL1939749,9.59,nM,0.26,nM,0.26,Active
CCOC(=O)Nc1ccccc1[C@@H](c1ccc(C(=O)N(CC)CC)cc1)N1CCN(Cc2ccccn2)CC1,CHEMBL1939748,8.85,nM,1.4,nM,1.4,Active
CCOC(=O)Nc1ccc([C@@H](c2ccc(C(=O)N(CC)CC)cc2)N2CCN(Cc3cscn3)CC2)cc1,CHEMBL1939747,8.89,nM,1.3,nM,1.3,Active
CCOC(=O)Nc1cccc([C@@H](c2ccc(C(=O)N(CC)CC)cc2)N2CCN(Cc3cscn3)CC2)c1,CHEMBL1939746,10.15,nM,0.071,nM,0.071,Active
CCOC(=O)Nc1ccccc1[C@@H](c1ccc(C(=O)N(CC)CC)cc1)N1CCN(Cc2cscn2)CC1,CHEMBL1939745,9.11,nM,0.78,nM,0.78,Active
CCN(CC)C(=O)c1ccc([C@H](c2cccc(NC(=O)OC)c2)N2CCN(Cc3cccnc3)CC2)cc1,CHEMBL1939735,9.17,nM,0.68,nM,0.68,Active
CCN(CC)C(=O)c1ccc([C@H](c2cccc(NC(=O)OC)c2)N2CCN(Cc3cncs3)CC2)cc1,CHEMBL1939736,9.46,nM,0.35,nM,0.35,Active
CCN(C)C(=O)c1ccc([C@H](c2cccc(NC(=O)C3CCC3)c2)N2CCN(Cc3cccnc3)CC2)cc1,CHEMBL1939741,8.18,nM,6.6,nM,6.6,Active
CCN(C)C(=O)c1ccc([C@H](c2cccc(NC(=O)C3CC3)c2)N2CCN(CCCOC)CC2)cc1,CHEMBL1939744,7.64,nM,23.0,nM,23.0,Active
CCN(CC)C(=O)c1ccc([C@H](c2cccc(NC(=O)C3CC3)c2)N2CCN(CCOC)CC2)cc1,CHEMBL1939743,8.96,nM,1.1,nM,1.1,Active
CCN(CC)C(=O)c1ccc([C@H](c2cccc(NC(=O)C3CC3)c2)N2CCN(Cc3ccccn3)CC2)cc1,CHEMBL1939740,10.17,nM,0.068,nM,0.068,Active
O=C(Nc1cccc([C@@H](c2ccc(C(=O)N3CCC3)cc2)N2CCN(Cc3ccc(F)cc3)CC2)c1)C1CC1,CHEMBL1939739,9.05,nM,0.9,nM,0.9,Active
CN(CCO)C(=O)c1ccc([C@H](c2cccc(NC(=O)C3CC3)c2)N2CCN(Cc3ccc(F)cc3)CC2)cc1,CHEMBL1939738,9.57,nM,0.27,nM,0.27,Active
CCN(CC)C(=O)c1ccc([C@H](c2cccc(NC(=O)C3CC3)c2)N2CCN(Cc3ccc(F)cc3)CC2)cc1,CHEMBL1939737,9.54,nM,0.29,nM,0.29,Active
CCN(CC)C(=O)c1ccc(C(=C2CCN(Cc3ccc(F)cc3)CC2)c2cccc(F)c2)cc1,CHEMBL1946015,9.11,nM,0.78,nM,0.78,Active
CCN(CC)C(=O)c1ccc(C(=C2CCN(Cc3ccc(F)cc3)CC2)c2ccccn2)cc1,CHEMBL1946016,9.70,nM,0.2,nM,0.2,Active
CCN(CC)C(=O)c1ccc(C(=C2CCN(Cc3ccc(F)cc3)CC2)c2cccnc2)cc1,CHEMBL1946017,9.15,nM,0.7,nM,0.7,Active
CCN(CC)C(=O)c1ccc(C(=C2CCN(Cc3ccc(F)cc3)CC2)c2ccncc2)cc1,CHEMBL1946018,6.70,nM,200.0,nM,200.0,Active
CCN(CC)C(=O)c1ccc(C(=C2CCN(Cc3ccc(F)cc3)CC2)c2cccc3cccnc23)cc1,CHEMBL1944652,9.59,nM,0.26,nM,0.26,Active
CCN(C)C(=O)c1ccc(C(=C2CCN(Cc3ccc(F)cc3)CC2)c2ccccc2NC(C)=O)cc1,CHEMBL1946019,9.35,nM,0.45,nM,0.45,Active
CCN(CC)C(=O)c1ccc(C(=C2CCN(Cc3ccc(F)cc3)CC2)c2cccc(NC(C)=O)c2)cc1,CHEMBL1946020,9.66,nM,0.22,nM,0.22,Active
CCN(CC)C(=O)c1ccc(C(=C2CCN(Cc3ccc(F)cc3)CC2)c2ccc(NC(C)=O)cc2)cc1,CHEMBL1946021,9.60,nM,0.25,nM,0.25,Active
CCN(CC)C(=O)c1ccc(C(=C2CCN(Cc3ccc(F)cc3)CC2)c2ccccc2NC(=O)OC)cc1,CHEMBL1946022,8.74,nM,1.8,nM,1.8,Active
CCN(CC)C(=O)c1ccc(C(=C2CCN(Cc3ccc(F)cc3)CC2)c2cccc(NC(=O)OC)c2)cc1,CHEMBL1946023,10.09,nM,0.082,nM,0.082,Active
CCN(CC)C(=O)c1ccc(C(=C2CCN(Cc3ccc(F)cc3)CC2)c2ccc(NC(=O)OC)cc2)cc1,CHEMBL1946024,9.12,nM,0.75,nM,0.75,Active
CCN(CC)C(=O)c1ccc(C(=C2CCN(Cc3cscn3)CC2)c2cccc3cccnc23)cc1,CHEMBL1946025,9.80,nM,0.16,nM,0.16,Active
O=C(c1ccc(C(=C2CCN(Cc3cscn3)CC2)c2cccc3cccnc23)cc1)N1CCCC1,CHEMBL1946026,9.70,nM,0.2,nM,0.2,Active
CCN(C)C(=O)c1ccc(C(=C2CCN(Cc3cscn3)CC2)c2cccc3cccnc23)cc1,CHEMBL1946027,9.57,nM,0.27,nM,0.27,Active
O=C(c1ccc(C(=C2CCN(Cc3cscn3)CC2)c2cccc3cccnc23)cc1)N1CCC1,CHEMBL1946028,9.41,nM,0.39,nM,0.39,Active
CN(C)C(=O)c1ccc(C(=C2CCN(Cc3cscn3)CC2)c2cccc3cccnc23)cc1,CHEMBL1946029,9.77,nM,0.17,nM,0.17,Active
O=C(c1ccc(C(=C2CCN(Cc3cscn3)CC2)c2cccc3cccnc23)cc1)N1CCOCC1,CHEMBL1946615,9.17,nM,0.67,nM,0.67,Active
CN1CCN(C(=O)c2ccc(C(=C3CCN(Cc4cscn4)CC3)c3cccc4cccnc34)cc2)CC1,CHEMBL1946616,8.47,nM,3.4,nM,3.4,Active
O=C(c1ccc(C(=C2CCN(Cc3cscn3)CC2)c2cccc3cccnc23)cc1)N1CCC(O)CC1,CHEMBL1946617,9.20,nM,0.63,nM,0.63,Active
CN(CCO)C(=O)c1ccc(C(=C2CCN(Cc3cscn3)CC2)c2cccc3cccnc23)cc1,CHEMBL1946618,9.55,nM,0.28,nM,0.28,Active
CCN(CC)C(=O)c1ccc(C(=C2CCNCC2)c2ccccn2)cc1,CHEMBL1946619,8.62,nM,2.4,nM,2.4,Active
CCN(CC)C(=O)c1ccc(C(=C2CCN(Cc3cscn3)CC2)c2ccccn2)cc1,CHEMBL1946620,9.34,nM,0.46,nM,0.46,Active
CN(C)C(=O)c1ccc(C(=C2CCN(Cc3cscn3)CC2)c2ccccn2)cc1,CHEMBL1946621,8.57,nM,2.7,nM,2.7,Active
COc1cc(O)c2c(c1)CC(=O)CCCC(=O)CCC[C@@H](C)OC2=O,CHEMBL2375656,4.83,nM,14620.0,10'-5M,1.462,Inactive
CC1(C)SSC(C)(C)[C@H](NC(=O)[C@@H](N)Cc2ccc(O)cc2)C(=O)NCC(=O)N[C@H](Cc2ccccc2)C(=O)N[C@@H]1C(=O)O,CHEMBL289476,8.72,nM,1.9,nM,1.9,Active
C[C@H](NC(=O)[C@@H](N)Cc1ccc(O)cc1)C(=O)N[C@@H](Cc1ccccc1)C(=O)NCC(=O)N[C@@H](Cc1ccc(O)cc1)C(=O)N1CCC[C@H]1C(=O)N[C@@H](CO)C(N)=O,CHEMBL285479,5.90,nM,1247.0,nM,1247.0,Active
Cc1cc(O)cc(C)c1C[C@H](N)C(=O)N1Cc2ccccc2C[C@@H]1C(=O)NCC(=O)N(c1ccccc1)c1ccccc1,CHEMBL3759541,8.08,nM,8.3,nM,8.3,Active
Cc1cc(O)cc(C)c1C[C@H](N)C(=O)N1Cc2ccccc2C[C@@H]1C(=O)NCC(=O)N1CCc2ccccc2C1,CHEMBL3758563,8.64,nM,2.3,nM,2.3,Active
C=CCN1C[C@H](C)N([C@@H](c2cccc(O)c2)c2cccc(C(=O)N(C)c3cccc(F)c3)c2)C[C@H]1C,CHEMBL155892,8.47,nM,3.4,nM,3.4,Active
COCCOCCOCCOCCOCCOCCOCCOCCOCCO[C@H]1CC[C@@]2(O)[C@H]3Cc4ccc(O)c5c4[C@@]2(CCN3CC2CCC2)C1O5,CHEMBL3919846,5.05,nM,8970.0,nM,8970.0,Active
CC(C)(C)NS(=O)(=O)c1ccc(-c2sc(C(=O)N[C@H]3C[C@H](C(=O)O)C3)nc2CC2CCCCC2)c2ccccc12,CHEMBL4128926,8.22,nM,6.0,nM,6.0,Active
CC(C)C[C@H](NC(=O)C1CCCN1C(=O)[C@@H](N)Cc1ccc(O)cc1)C(=O)N[C@@H](CC(=O)O)C(=O)N[C@@H](CC(C)C)C(=O)N[C@@H](Cc1ccccc1)C(=O)O,CHEMBL4563548,4.61,nM,24400.0,uM,24.4,Inactive
CC(C)C[C@H](NC(=O)[C@H](CC(=O)O)NC(=O)[C@H](CC(C)C)NC(=O)C1CCCN1C(=O)[C@@H](N)Cc1ccc(O)cc1)C(=O)O,CHEMBL4582676,4.29,nM,51000.0,uM,51.0,Inactive
Cc1cnc(N2CC[C@H](NC3CCCCC3)[C@@H](O)C2)c(-c2nc(C)no2)c1,CHEMBL4461337,5.62,nM,2410.0,nM,2410.0,Active
CCc1cc(F)c2nc(N3CCC(N[C@@H]4CCCOC4)CC3)c(-c3nc(C)no3)c(C)c2c1,CHEMBL4544914,5.35,nM,4500.0,nM,4500.0,Active
Cc1ccc2nc(N3CCC(NC4CCOCC4)CC3)c(-c3nc(C)no3)cc2c1,CHEMBL4440935,5.36,nM,4410.0,nM,4410.0,Active
CCc1cc(F)c2nc(N3CCC(NC4CCOCC4)CC3)c(-c3nc(C)no3)c(C)c2c1,CHEMBL4592045,5.19,nM,6500.0,nM,6500.0,Active
COC(=O)c1cc(Br)cnc1N1CC[C@@H](NC2CCCCC2)[C@H](O)C1,CHEMBL3264446,5.46,nM,3500.0,nM,3500.0,Active
O=C1N[C@@H](Cc2ccccc2)C(=O)N2CCC[C@@H]2C(=O)N[C@@H](Cc2ccccc2)C(=O)N[C@H]1Cc1c[nH]c2ccccc12,CHEMBL506616,5.58,nM,2600.0,nM,2600.0,Active
CC[C@@H]1CN2CC[C@]3(O)c4c(cccc4OC)NC3[C@@H]2C[C@@H]1/C(=C\OC)C(=O)OC,CHEMBL5178409,5.60,nM,2524.0,nM,2524.0,Active
C[C@@H](NC(=O)[C@@H](N)Cc1ccc(O)cc1)C(=O)N[C@@H](Cc1ccccc1)C(=O)NCC(N)=O,CHEMBL349816,5.90,nM,1247.0,nM,1247.0,Active
COc1ccc(F)cc1-c1ccnc2[nH]c(C3=CC4CCC(C3)N4CC(=O)N(C)CCO)cc12,CHEMBL3925253,6.94,nM,114.0,nM,114.0,Active
Oc1ccc2c3c1O[C@H]1c4[nH]c5ccccc5c4C[C@@]4(O)[C@H](C2)N(CC2CC2)CC[C@]314,CHEMBL5979733,9.80,nM,0.158,nM,0.158,Active
